id,statcode,statnaam,jrstatcode,rubriek,id_2,LEVL_CODE,NUTS_ID,CNTR_CODE,NAME_LATN,NUTS_NAME,MOUNT_TYPE,URBN_TYPE,COAST_TYPE,FID,freq,sex,unit,age,geo\TIME_PERIOD,2014,2015,2016,2017,2018,2019
cbs_gemeente_2020_labelpoint.1,GM0003,Appingedam,2020GM0003,gemeente,NL112,"3",NL112,NL,Delfzijl en omgeving,Delfzijl en omgeving,"4","2","1",NL112,A,T,NR,TOTAL,NL112,"47958 ","47560 ","47111 ","46850 ","46396 ","46051 "
cbs_gemeente_2020_labelpoint.2,GM0010,Delfzijl,2020GM0010,gemeente,NL112,"3",NL112,NL,Delfzijl en omgeving,Delfzijl en omgeving,"4","2","1",NL112,A,T,NR,TOTAL,NL112,"47958 ","47560 ","47111 ","46850 ","46396 ","46051 "
cbs_gemeente_2020_labelpoint.3,GM0014,Groningen,2020GM0014,gemeente,NL113,"3",NL113,NL,Overig Groningen,Overig Groningen,"4","2","1",NL113,A,T,NR,TOTAL,NL113,"385826 ","387416 ","388027 ","389338 ","389763 ","391136 "
cbs_gemeente_2020_labelpoint.4,GM1969,Westerkwartier,2020GM1969,gemeente,NL113,"3",NL113,NL,Overig Groningen,Overig Groningen,"4","2","1",NL113,A,T,NR,TOTAL,NL113,"385826 ","387416 ","388027 ","389338 ","389763 ","391136 "
cbs_gemeente_2020_labelpoint.5,GM0024,Loppersum,2020GM0024,gemeente,NL112,"3",NL112,NL,Delfzijl en omgeving,Delfzijl en omgeving,"4","2","1",NL112,A,T,NR,TOTAL,NL112,"47958 ","47560 ","47111 ","46850 ","46396 ","46051 "
cbs_gemeente_2020_labelpoint.6,GM0034,Almere,2020GM0034,gemeente,NL230,"3",NL230,NL,Flevoland,Flevoland,"4","1","2",NL230,A,T,NR,TOTAL,NL230,"399893 ","401791 ","404068 ","407818 ","411670 ","416546 "
cbs_gemeente_2020_labelpoint.7,GM0037,Stadskanaal,2020GM0037,gemeente,NL111,"3",NL111,NL,Oost-Groningen,Oost-Groningen,"4","2","1",NL111,A,T,NR,TOTAL,NL111,"148944 ","148966 ","148583 ","147393 ","146785 ","146803 "
cbs_gemeente_2020_labelpoint.8,GM1952,Midden-Groningen,2020GM1952,gemeente,NL113,"3",NL113,NL,Overig Groningen,Overig Groningen,"4","2","1",NL113,A,T,NR,TOTAL,NL113,"385826 ","387416 ","388027 ","389338 ","389763 ","391136 "
cbs_gemeente_2020_labelpoint.9,GM0047,Veendam,2020GM0047,gemeente,NL111,"3",NL111,NL,Oost-Groningen,Oost-Groningen,"4","2","1",NL111,A,T,NR,TOTAL,NL111,"148944 ","148966 ","148583 ","147393 ","146785 ","146803 "
cbs_gemeente_2020_labelpoint.10,GM1950,Westerwolde,2020GM1950,gemeente,NL111,"3",NL111,NL,Oost-Groningen,Oost-Groningen,"4","2","1",NL111,A,T,NR,TOTAL,NL111,"148944 ","148966 ","148583 ","147393 ","146785 ","146803 "
cbs_gemeente_2020_labelpoint.11,GM0050,Zeewolde,2020GM0050,gemeente,NL230,"3",NL230,NL,Flevoland,Flevoland,"4","1","2",NL230,A,T,NR,TOTAL,NL230,"399893 ","401791 ","404068 ","407818 ","411670 ","416546 "
cbs_gemeente_2020_labelpoint.12,GM1940,De Fryske Marren,2020GM1940,gemeente,NL125,"3",NL125,NL,Zuidwest-Friesland,Zuidwest-Friesland,"4","2","1",NL125,A,T,NR,TOTAL,NL125,"135594 ","135377 ","135313 ","135743 ","136004 ","135764 "
cbs_gemeente_2020_labelpoint.13,GM1970,Noardeast-Frysl√¢n,2020GM1970,gemeente,NL124,"3",NL124,NL,Noord-Friesland,Noord-Friesland,"4","2","1",NL124,A,T,NR,TOTAL,NL124,"324368 ","324103 ","324077 ","324367 ","324251 ","324653 "
cbs_gemeente_2020_labelpoint.14,GM0059,Achtkarspelen,2020GM0059,gemeente,NL124,"3",NL124,NL,Noord-Friesland,Noord-Friesland,"4","2","1",NL124,A,T,NR,TOTAL,NL124,"324368 ","324103 ","324077 ","324367 ","324251 ","324653 "
cbs_gemeente_2020_labelpoint.15,GM0060,Ameland,2020GM0060,gemeente,NL124,"3",NL124,NL,Noord-Friesland,Noord-Friesland,"4","2","1",NL124,A,T,NR,TOTAL,NL124,"324368 ","324103 ","324077 ","324367 ","324251 ","324653 "
cbs_gemeente_2020_labelpoint.16,GM0072,Harlingen,2020GM0072,gemeente,NL124,"3",NL124,NL,Noord-Friesland,Noord-Friesland,"4","2","1",NL124,A,T,NR,TOTAL,NL124,"324368 ","324103 ","324077 ","324367 ","324251 ","324653 "
cbs_gemeente_2020_labelpoint.17,GM0074,Heerenveen,2020GM0074,gemeente,NL126,"3",NL126,NL,Zuidoost-Friesland,Zuidoost-Friesland,"4","2","2",NL126,A,T,NR,TOTAL,NL126,"186355 ","186777 ","186650 ","186764 ","187013 ","187255 "
cbs_gemeente_2020_labelpoint.18,GM0080,Leeuwarden,2020GM0080,gemeente,NL124,"3",NL124,NL,Noord-Friesland,Noord-Friesland,"4","2","1",NL124,A,T,NR,TOTAL,NL124,"324368 ","324103 ","324077 ","324367 ","324251 ","324653 "
cbs_gemeente_2020_labelpoint.19,GM0085,Ooststellingwerf,2020GM0085,gemeente,NL126,"3",NL126,NL,Zuidoost-Friesland,Zuidoost-Friesland,"4","2","2",NL126,A,T,NR,TOTAL,NL126,"186355 ","186777 ","186650 ","186764 ","187013 ","187255 "
cbs_gemeente_2020_labelpoint.20,GM0086,Opsterland,2020GM0086,gemeente,NL126,"3",NL126,NL,Zuidoost-Friesland,Zuidoost-Friesland,"4","2","2",NL126,A,T,NR,TOTAL,NL126,"186355 ","186777 ","186650 ","186764 ","187013 ","187255 "
cbs_gemeente_2020_labelpoint.21,GM0088,Schiermonnikoog,2020GM0088,gemeente,NL124,"3",NL124,NL,Noord-Friesland,Noord-Friesland,"4","2","1",NL124,A,T,NR,TOTAL,NL124,"324368 ","324103 ","324077 ","324367 ","324251 ","324653 "
cbs_gemeente_2020_labelpoint.22,GM0090,Smallingerland,2020GM0090,gemeente,NL126,"3",NL126,NL,Zuidoost-Friesland,Zuidoost-Friesland,"4","2","2",NL126,A,T,NR,TOTAL,NL126,"186355 ","186777 ","186650 ","186764 ","187013 ","187255 "
cbs_gemeente_2020_labelpoint.23,GM0093,Terschelling,2020GM0093,gemeente,NL124,"3",NL124,NL,Noord-Friesland,Noord-Friesland,"4","2","1",NL124,A,T,NR,TOTAL,NL124,"324368 ","324103 ","324077 ","324367 ","324251 ","324653 "
cbs_gemeente_2020_labelpoint.24,GM0096,Vlieland,2020GM0096,gemeente,NL124,"3",NL124,NL,Noord-Friesland,Noord-Friesland,"4","2","1",NL124,A,T,NR,TOTAL,NL124,"324368 ","324103 ","324077 ","324367 ","324251 ","324653 "
cbs_gemeente_2020_labelpoint.25,GM0098,Weststellingwerf,2020GM0098,gemeente,NL126,"3",NL126,NL,Zuidoost-Friesland,Zuidoost-Friesland,"4","2","2",NL126,A,T,NR,TOTAL,NL126,"186355 ","186777 ","186650 ","186764 ","187013 ","187255 "
cbs_gemeente_2020_labelpoint.26,GM0106,Assen,2020GM0106,gemeente,NL131,"3",NL131,NL,Noord-Drenthe,Noord-Drenthe,"4","2","2",NL131,A,T,NR,TOTAL,NL131,"189493 ","189359 ","189597 ","192497 ","192102 ","191515 "
cbs_gemeente_2020_labelpoint.27,GM0109,Coevorden,2020GM0109,gemeente,NL132,"3",NL132,NL,Zuidoost-Drenthe,Zuidoost-Drenthe,"4","2","3",NL132,A,T,NR,TOTAL,NL132,"169448 ","168812 ","168336 ","168131 ","167842 ","167968 "
cbs_gemeente_2020_labelpoint.28,GM0114,Emmen,2020GM0114,gemeente,NL132,"3",NL132,NL,Zuidoost-Drenthe,Zuidoost-Drenthe,"4","2","3",NL132,A,T,NR,TOTAL,NL132,"169448 ","168812 ","168336 ","168131 ","167842 ","167968 "
cbs_gemeente_2020_labelpoint.29,GM0118,Hoogeveen,2020GM0118,gemeente,NL133,"3",NL133,NL,Zuidwest-Drenthe,Zuidwest-Drenthe,"4","2","3",NL133,A,T,NR,TOTAL,NL133,"130047 ","130405 ","130696 ","131164 ","132156 ","132684 "
cbs_gemeente_2020_labelpoint.30,GM0119,Meppel,2020GM0119,gemeente,NL133,"3",NL133,NL,Zuidwest-Drenthe,Zuidwest-Drenthe,"4","2","3",NL133,A,T,NR,TOTAL,NL133,"130047 ","130405 ","130696 ","131164 ","132156 ","132684 "
cbs_gemeente_2020_labelpoint.31,GM0141,Almelo,2020GM0141,gemeente,NL213,"3",NL213,NL,Twente,Twente,"4","1","3",NL213,A,T,NR,TOTAL,NL213,"626342 ","625976 ","626525 ","627209 ","627848 ","629284 "
cbs_gemeente_2020_labelpoint.32,GM0147,Borne,2020GM0147,gemeente,NL213,"3",NL213,NL,Twente,Twente,"4","1","3",NL213,A,T,NR,TOTAL,NL213,"626342 ","625976 ","626525 ","627209 ","627848 ","629284 "
cbs_gemeente_2020_labelpoint.33,GM0148,Dalfsen,2020GM0148,gemeente,NL211,"3",NL211,NL,Noord-Overijssel,Noord-Overijssel,"4","2","3",NL211,A,T,NR,TOTAL,NL211,"360744 ","361694 ","364300 ","366319 ","368819 ","371608 "
cbs_gemeente_2020_labelpoint.34,GM0150,Deventer,2020GM0150,gemeente,NL212,"3",NL212,NL,Zuidwest-Overijssel,Zuidwest-Overijssel,"4","2","3",NL212,A,T,NR,TOTAL,NL212,"152611 ","152982 ","153455 ","154159 ","154834 ","155539 "
cbs_gemeente_2020_labelpoint.35,GM0153,Enschede,2020GM0153,gemeente,NL213,"3",NL213,NL,Twente,Twente,"4","1","3",NL213,A,T,NR,TOTAL,NL213,"626342 ","625976 ","626525 ","627209 ","627848 ","629284 "
cbs_gemeente_2020_labelpoint.36,GM0158,Haaksbergen,2020GM0158,gemeente,NL213,"3",NL213,NL,Twente,Twente,"4","1","3",NL213,A,T,NR,TOTAL,NL213,"626342 ","625976 ","626525 ","627209 ","627848 ","629284 "
cbs_gemeente_2020_labelpoint.37,GM0160,Hardenberg,2020GM0160,gemeente,NL211,"3",NL211,NL,Noord-Overijssel,Noord-Overijssel,"4","2","3",NL211,A,T,NR,TOTAL,NL211,"360744 ","361694 ","364300 ","366319 ","368819 ","371608 "
cbs_gemeente_2020_labelpoint.38,GM0163,Hellendoorn,2020GM0163,gemeente,NL213,"3",NL213,NL,Twente,Twente,"4","1","3",NL213,A,T,NR,TOTAL,NL213,"626342 ","625976 ","626525 ","627209 ","627848 ","629284 "
cbs_gemeente_2020_labelpoint.39,GM0164,Hengelo,2020GM0164,gemeente,NL213,"3",NL213,NL,Twente,Twente,"4","1","3",NL213,A,T,NR,TOTAL,NL213,"626342 ","625976 ","626525 ","627209 ","627848 ","629284 "
cbs_gemeente_2020_labelpoint.40,GM0166,Kampen,2020GM0166,gemeente,NL211,"3",NL211,NL,Noord-Overijssel,Noord-Overijssel,"4","2","3",NL211,A,T,NR,TOTAL,NL211,"360744 ","361694 ","364300 ","366319 ","368819 ","371608 "
cbs_gemeente_2020_labelpoint.41,GM0168,Losser,2020GM0168,gemeente,NL213,"3",NL213,NL,Twente,Twente,"4","1","3",NL213,A,T,NR,TOTAL,NL213,"626342 ","625976 ","626525 ","627209 ","627848 ","629284 "
cbs_gemeente_2020_labelpoint.42,GM0171,Noordoostpolder,2020GM0171,gemeente,NL230,"3",NL230,NL,Flevoland,Flevoland,"4","1","2",NL230,A,T,NR,TOTAL,NL230,"399893 ","401791 ","404068 ","407818 ","411670 ","416546 "
cbs_gemeente_2020_labelpoint.43,GM0173,Oldenzaal,2020GM0173,gemeente,NL213,"3",NL213,NL,Twente,Twente,"4","1","3",NL213,A,T,NR,TOTAL,NL213,"626342 ","625976 ","626525 ","627209 ","627848 ","629284 "
cbs_gemeente_2020_labelpoint.44,GM0175,Ommen,2020GM0175,gemeente,NL211,"3",NL211,NL,Noord-Overijssel,Noord-Overijssel,"4","2","3",NL211,A,T,NR,TOTAL,NL211,"360744 ","361694 ","364300 ","366319 ","368819 ","371608 "
cbs_gemeente_2020_labelpoint.45,GM0177,Raalte,2020GM0177,gemeente,NL212,"3",NL212,NL,Zuidwest-Overijssel,Zuidwest-Overijssel,"4","2","3",NL212,A,T,NR,TOTAL,NL212,"152611 ","152982 ","153455 ","154159 ","154834 ","155539 "
cbs_gemeente_2020_labelpoint.46,GM0180,Staphorst,2020GM0180,gemeente,NL211,"3",NL211,NL,Noord-Overijssel,Noord-Overijssel,"4","2","3",NL211,A,T,NR,TOTAL,NL211,"360744 ","361694 ","364300 ","366319 ","368819 ","371608 "
cbs_gemeente_2020_labelpoint.47,GM0183,Tubbergen,2020GM0183,gemeente,NL213,"3",NL213,NL,Twente,Twente,"4","1","3",NL213,A,T,NR,TOTAL,NL213,"626342 ","625976 ","626525 ","627209 ","627848 ","629284 "
cbs_gemeente_2020_labelpoint.48,GM0184,Urk,2020GM0184,gemeente,NL230,"3",NL230,NL,Flevoland,Flevoland,"4","1","2",NL230,A,T,NR,TOTAL,NL230,"399893 ","401791 ","404068 ","407818 ","411670 ","416546 "
cbs_gemeente_2020_labelpoint.49,GM0189,Wierden,2020GM0189,gemeente,NL213,"3",NL213,NL,Twente,Twente,"4","1","3",NL213,A,T,NR,TOTAL,NL213,"626342 ","625976 ","626525 ","627209 ","627848 ","629284 "
cbs_gemeente_2020_labelpoint.50,GM0193,Zwolle,2020GM0193,gemeente,NL211,"3",NL211,NL,Noord-Overijssel,Noord-Overijssel,"4","2","3",NL211,A,T,NR,TOTAL,NL211,"360744 ","361694 ","364300 ","366319 ","368819 ","371608 "
cbs_gemeente_2020_labelpoint.51,GM0197,Aalten,2020GM0197,gemeente,NL225,"3",NL225,NL,Achterhoek,Achterhoek,"4","2","3",NL225,A,T,NR,TOTAL,NL225,"399707 ","398772 ","399260 ","399921 ","400416 ","400685 "
cbs_gemeente_2020_labelpoint.52,GM0200,Apeldoorn,2020GM0200,gemeente,NL221,"3",NL221,NL,Veluwe,Veluwe,"4","1","3",NL221,A,T,NR,TOTAL,NL221,"664067 ","667946 ","672027 ","677662 ","683240 ","688799 "
cbs_gemeente_2020_labelpoint.53,GM0202,Arnhem,2020GM0202,gemeente,NL226,"3",NL226,NL,Arnhem/Nijmegen,Arnhem/Nijmegen,"4","1","3",NL226,A,T,NR,TOTAL,NL226,"718842 ","722312 ","725759 ","730428 ","735203 ","738436 "
cbs_gemeente_2020_labelpoint.54,GM0203,Barneveld,2020GM0203,gemeente,NL221,"3",NL221,NL,Veluwe,Veluwe,"4","1","3",NL221,A,T,NR,TOTAL,NL221,"664067 ","667946 ","672027 ","677662 ","683240 ","688799 "
cbs_gemeente_2020_labelpoint.55,GM0209,Beuningen,2020GM0209,gemeente,NL226,"3",NL226,NL,Arnhem/Nijmegen,Arnhem/Nijmegen,"4","1","3",NL226,A,T,NR,TOTAL,NL226,"718842 ","722312 ","725759 ","730428 ","735203 ","738436 "
cbs_gemeente_2020_labelpoint.56,GM0213,Brummen,2020GM0213,gemeente,NL225,"3",NL225,NL,Achterhoek,Achterhoek,"4","2","3",NL225,A,T,NR,TOTAL,NL225,"399707 ","398772 ","399260 ","399921 ","400416 ","400685 "
cbs_gemeente_2020_labelpoint.57,GM0214,Buren,2020GM0214,gemeente,NL224,"3",NL224,NL,Zuidwest-Gelderland,Zuidwest-Gelderland,"4","2","3",NL224,A,T,NR,TOTAL,NL224,"237076 ","237548 ","238305 ","239890 ","241244 ","244052 "
cbs_gemeente_2020_labelpoint.58,GM0216,Culemborg,2020GM0216,gemeente,NL224,"3",NL224,NL,Zuidwest-Gelderland,Zuidwest-Gelderland,"4","2","3",NL224,A,T,NR,TOTAL,NL224,"237076 ","237548 ","238305 ","239890 ","241244 ","244052 "
cbs_gemeente_2020_labelpoint.59,GM0221,Doesburg,2020GM0221,gemeente,NL226,"3",NL226,NL,Arnhem/Nijmegen,Arnhem/Nijmegen,"4","1","3",NL226,A,T,NR,TOTAL,NL226,"718842 ","722312 ","725759 ","730428 ","735203 ","738436 "
cbs_gemeente_2020_labelpoint.60,GM0222,Doetinchem,2020GM0222,gemeente,NL225,"3",NL225,NL,Achterhoek,Achterhoek,"4","2","3",NL225,A,T,NR,TOTAL,NL225,"399707 ","398772 ","399260 ","399921 ","400416 ","400685 "
cbs_gemeente_2020_labelpoint.61,GM0225,Druten,2020GM0225,gemeente,NL226,"3",NL226,NL,Arnhem/Nijmegen,Arnhem/Nijmegen,"4","1","3",NL226,A,T,NR,TOTAL,NL226,"718842 ","722312 ","725759 ","730428 ","735203 ","738436 "
cbs_gemeente_2020_labelpoint.62,GM0226,Duiven,2020GM0226,gemeente,NL226,"3",NL226,NL,Arnhem/Nijmegen,Arnhem/Nijmegen,"4","1","3",NL226,A,T,NR,TOTAL,NL226,"718842 ","722312 ","725759 ","730428 ","735203 ","738436 "
cbs_gemeente_2020_labelpoint.63,GM0228,Ede,2020GM0228,gemeente,NL221,"3",NL221,NL,Veluwe,Veluwe,"4","1","3",NL221,A,T,NR,TOTAL,NL221,"664067 ","667946 ","672027 ","677662 ","683240 ","688799 "
cbs_gemeente_2020_labelpoint.64,GM0230,Elburg,2020GM0230,gemeente,NL221,"3",NL221,NL,Veluwe,Veluwe,"4","1","3",NL221,A,T,NR,TOTAL,NL221,"664067 ","667946 ","672027 ","677662 ","683240 ","688799 "
cbs_gemeente_2020_labelpoint.65,GM0232,Epe,2020GM0232,gemeente,NL221,"3",NL221,NL,Veluwe,Veluwe,"4","1","3",NL221,A,T,NR,TOTAL,NL221,"664067 ","667946 ","672027 ","677662 ","683240 ","688799 "
cbs_gemeente_2020_labelpoint.66,GM0233,Ermelo,2020GM0233,gemeente,NL221,"3",NL221,NL,Veluwe,Veluwe,"4","1","3",NL221,A,T,NR,TOTAL,NL221,"664067 ","667946 ","672027 ","677662 ","683240 ","688799 "
cbs_gemeente_2020_labelpoint.67,GM1960,West Betuwe,2020GM1960,gemeente,NL224,"3",NL224,NL,Zuidwest-Gelderland,Zuidwest-Gelderland,"4","2","3",NL224,A,T,NR,TOTAL,NL224,"237076 ","237548 ","238305 ","239890 ","241244 ","244052 "
cbs_gemeente_2020_labelpoint.68,GM1945,Berg en Dal,2020GM1945,gemeente,NL226,"3",NL226,NL,Arnhem/Nijmegen,Arnhem/Nijmegen,"4","1","3",NL226,A,T,NR,TOTAL,NL226,"718842 ","722312 ","725759 ","730428 ","735203 ","738436 "
cbs_gemeente_2020_labelpoint.69,GM0243,Harderwijk,2020GM0243,gemeente,NL221,"3",NL221,NL,Veluwe,Veluwe,"4","1","3",NL221,A,T,NR,TOTAL,NL221,"664067 ","667946 ","672027 ","677662 ","683240 ","688799 "
cbs_gemeente_2020_labelpoint.70,GM0244,Hattem,2020GM0244,gemeente,NL221,"3",NL221,NL,Veluwe,Veluwe,"4","1","3",NL221,A,T,NR,TOTAL,NL221,"664067 ","667946 ","672027 ","677662 ","683240 ","688799 "
cbs_gemeente_2020_labelpoint.71,GM0246,Heerde,2020GM0246,gemeente,NL221,"3",NL221,NL,Veluwe,Veluwe,"4","1","3",NL221,A,T,NR,TOTAL,NL221,"664067 ","667946 ","672027 ","677662 ","683240 ","688799 "
cbs_gemeente_2020_labelpoint.72,GM0252,Heumen,2020GM0252,gemeente,NL226,"3",NL226,NL,Arnhem/Nijmegen,Arnhem/Nijmegen,"4","1","3",NL226,A,T,NR,TOTAL,NL226,"718842 ","722312 ","725759 ","730428 ","735203 ","738436 "
cbs_gemeente_2020_labelpoint.73,GM0262,Lochem,2020GM0262,gemeente,NL225,"3",NL225,NL,Achterhoek,Achterhoek,"4","2","3",NL225,A,T,NR,TOTAL,NL225,"399707 ","398772 ","399260 ","399921 ","400416 ","400685 "
cbs_gemeente_2020_labelpoint.74,GM0263,Maasdriel,2020GM0263,gemeente,NL224,"3",NL224,NL,Zuidwest-Gelderland,Zuidwest-Gelderland,"4","2","3",NL224,A,T,NR,TOTAL,NL224,"237076 ","237548 ","238305 ","239890 ","241244 ","244052 "
cbs_gemeente_2020_labelpoint.75,GM0267,Nijkerk,2020GM0267,gemeente,NL221,"3",NL221,NL,Veluwe,Veluwe,"4","1","3",NL221,A,T,NR,TOTAL,NL221,"664067 ","667946 ","672027 ","677662 ","683240 ","688799 "
cbs_gemeente_2020_labelpoint.76,GM0268,Nijmegen,2020GM0268,gemeente,NL226,"3",NL226,NL,Arnhem/Nijmegen,Arnhem/Nijmegen,"4","1","3",NL226,A,T,NR,TOTAL,NL226,"718842 ","722312 ","725759 ","730428 ","735203 ","738436 "
cbs_gemeente_2020_labelpoint.77,GM0269,Oldebroek,2020GM0269,gemeente,NL221,"3",NL221,NL,Veluwe,Veluwe,"4","1","3",NL221,A,T,NR,TOTAL,NL221,"664067 ","667946 ","672027 ","677662 ","683240 ","688799 "
cbs_gemeente_2020_labelpoint.78,GM0273,Putten,2020GM0273,gemeente,NL221,"3",NL221,NL,Veluwe,Veluwe,"4","1","3",NL221,A,T,NR,TOTAL,NL221,"664067 ","667946 ","672027 ","677662 ","683240 ","688799 "
cbs_gemeente_2020_labelpoint.79,GM0274,Renkum,2020GM0274,gemeente,NL226,"3",NL226,NL,Arnhem/Nijmegen,Arnhem/Nijmegen,"4","1","3",NL226,A,T,NR,TOTAL,NL226,"718842 ","722312 ","725759 ","730428 ","735203 ","738436 "
cbs_gemeente_2020_labelpoint.80,GM0275,Rheden,2020GM0275,gemeente,NL226,"3",NL226,NL,Arnhem/Nijmegen,Arnhem/Nijmegen,"4","1","3",NL226,A,T,NR,TOTAL,NL226,"718842 ","722312 ","725759 ","730428 ","735203 ","738436 "
cbs_gemeente_2020_labelpoint.81,GM0277,Rozendaal,2020GM0277,gemeente,NL226,"3",NL226,NL,Arnhem/Nijmegen,Arnhem/Nijmegen,"4","1","3",NL226,A,T,NR,TOTAL,NL226,"718842 ","722312 ","725759 ","730428 ","735203 ","738436 "
cbs_gemeente_2020_labelpoint.82,GM0279,Scherpenzeel,2020GM0279,gemeente,NL221,"3",NL221,NL,Veluwe,Veluwe,"4","1","3",NL221,A,T,NR,TOTAL,NL221,"664067 ","667946 ","672027 ","677662 ","683240 ","688799 "
cbs_gemeente_2020_labelpoint.83,GM0281,Tiel,2020GM0281,gemeente,NL224,"3",NL224,NL,Zuidwest-Gelderland,Zuidwest-Gelderland,"4","2","3",NL224,A,T,NR,TOTAL,NL224,"237076 ","237548 ","238305 ","239890 ","241244 ","244052 "
cbs_gemeente_2020_labelpoint.84,GM0285,Voorst,2020GM0285,gemeente,NL221,"3",NL221,NL,Veluwe,Veluwe,"4","1","3",NL221,A,T,NR,TOTAL,NL221,"664067 ","667946 ","672027 ","677662 ","683240 ","688799 "
cbs_gemeente_2020_labelpoint.85,GM0289,Wageningen,2020GM0289,gemeente,NL221,"3",NL221,NL,Veluwe,Veluwe,"4","1","3",NL221,A,T,NR,TOTAL,NL221,"664067 ","667946 ","672027 ","677662 ","683240 ","688799 "
cbs_gemeente_2020_labelpoint.86,GM0293,Westervoort,2020GM0293,gemeente,NL226,"3",NL226,NL,Arnhem/Nijmegen,Arnhem/Nijmegen,"4","1","3",NL226,A,T,NR,TOTAL,NL226,"718842 ","722312 ","725759 ","730428 ","735203 ","738436 "
cbs_gemeente_2020_labelpoint.87,GM0294,Winterswijk,2020GM0294,gemeente,NL225,"3",NL225,NL,Achterhoek,Achterhoek,"4","2","3",NL225,A,T,NR,TOTAL,NL225,"399707 ","398772 ","399260 ","399921 ","400416 ","400685 "
cbs_gemeente_2020_labelpoint.88,GM0296,Wijchen,2020GM0296,gemeente,NL226,"3",NL226,NL,Arnhem/Nijmegen,Arnhem/Nijmegen,"4","1","3",NL226,A,T,NR,TOTAL,NL226,"718842 ","722312 ","725759 ","730428 ","735203 ","738436 "
cbs_gemeente_2020_labelpoint.89,GM0297,Zaltbommel,2020GM0297,gemeente,NL224,"3",NL224,NL,Zuidwest-Gelderland,Zuidwest-Gelderland,"4","2","3",NL224,A,T,NR,TOTAL,NL224,"237076 ","237548 ","238305 ","239890 ","241244 ","244052 "
cbs_gemeente_2020_labelpoint.90,GM0299,Zevenaar,2020GM0299,gemeente,NL226,"3",NL226,NL,Arnhem/Nijmegen,Arnhem/Nijmegen,"4","1","3",NL226,A,T,NR,TOTAL,NL226,"718842 ","722312 ","725759 ","730428 ","735203 ","738436 "
cbs_gemeente_2020_labelpoint.91,GM0301,Zutphen,2020GM0301,gemeente,NL225,"3",NL225,NL,Achterhoek,Achterhoek,"4","2","3",NL225,A,T,NR,TOTAL,NL225,"399707 ","398772 ","399260 ","399921 ","400416 ","400685 "
cbs_gemeente_2020_labelpoint.92,GM0302,Nunspeet,2020GM0302,gemeente,NL221,"3",NL221,NL,Veluwe,Veluwe,"4","1","3",NL221,A,T,NR,TOTAL,NL221,"664067 ","667946 ","672027 ","677662 ","683240 ","688799 "
cbs_gemeente_2020_labelpoint.93,GM0303,Dronten,2020GM0303,gemeente,NL230,"3",NL230,NL,Flevoland,Flevoland,"4","1","2",NL230,A,T,NR,TOTAL,NL230,"399893 ","401791 ","404068 ","407818 ","411670 ","416546 "
cbs_gemeente_2020_labelpoint.94,GM0307,Amersfoort,2020GM0307,gemeente,NL310,"3",NL310,NL,Utrecht,Utrecht,"4","1","3",NL310,A,T,NR,TOTAL,NL310,"1253672 ","1263572 ","1273613 ","1284504 ","1295484 ","1306912 "
cbs_gemeente_2020_labelpoint.95,GM0308,Baarn,2020GM0308,gemeente,NL310,"3",NL310,NL,Utrecht,Utrecht,"4","1","3",NL310,A,T,NR,TOTAL,NL310,"1253672 ","1263572 ","1273613 ","1284504 ","1295484 ","1306912 "
cbs_gemeente_2020_labelpoint.96,GM0310,De Bilt,2020GM0310,gemeente,NL310,"3",NL310,NL,Utrecht,Utrecht,"4","1","3",NL310,A,T,NR,TOTAL,NL310,"1253672 ","1263572 ","1273613 ","1284504 ","1295484 ","1306912 "
cbs_gemeente_2020_labelpoint.97,GM0312,Bunnik,2020GM0312,gemeente,NL310,"3",NL310,NL,Utrecht,Utrecht,"4","1","3",NL310,A,T,NR,TOTAL,NL310,"1253672 ","1263572 ","1273613 ","1284504 ","1295484 ","1306912 "
cbs_gemeente_2020_labelpoint.98,GM0313,Bunschoten,2020GM0313,gemeente,NL310,"3",NL310,NL,Utrecht,Utrecht,"4","1","3",NL310,A,T,NR,TOTAL,NL310,"1253672 ","1263572 ","1273613 ","1284504 ","1295484 ","1306912 "
cbs_gemeente_2020_labelpoint.99,GM0317,Eemnes,2020GM0317,gemeente,NL310,"3",NL310,NL,Utrecht,Utrecht,"4","1","3",NL310,A,T,NR,TOTAL,NL310,"1253672 ","1263572 ","1273613 ","1284504 ","1295484 ","1306912 "
cbs_gemeente_2020_labelpoint.100,GM0321,Houten,2020GM0321,gemeente,NL310,"3",NL310,NL,Utrecht,Utrecht,"4","1","3",NL310,A,T,NR,TOTAL,NL310,"1253672 ","1263572 ","1273613 ","1284504 ","1295484 ","1306912 "
cbs_gemeente_2020_labelpoint.101,GM0327,Leusden,2020GM0327,gemeente,NL310,"3",NL310,NL,Utrecht,Utrecht,"4","1","3",NL310,A,T,NR,TOTAL,NL310,"1253672 ","1263572 ","1273613 ","1284504 ","1295484 ","1306912 "
cbs_gemeente_2020_labelpoint.102,GM0331,Lopik,2020GM0331,gemeente,NL310,"3",NL310,NL,Utrecht,Utrecht,"4","1","3",NL310,A,T,NR,TOTAL,NL310,"1253672 ","1263572 ","1273613 ","1284504 ","1295484 ","1306912 "
cbs_gemeente_2020_labelpoint.103,GM0335,Montfoort,2020GM0335,gemeente,NL310,"3",NL310,NL,Utrecht,Utrecht,"4","1","3",NL310,A,T,NR,TOTAL,NL310,"1253672 ","1263572 ","1273613 ","1284504 ","1295484 ","1306912 "
cbs_gemeente_2020_labelpoint.104,GM0339,Renswoude,2020GM0339,gemeente,NL310,"3",NL310,NL,Utrecht,Utrecht,"4","1","3",NL310,A,T,NR,TOTAL,NL310,"1253672 ","1263572 ","1273613 ","1284504 ","1295484 ","1306912 "
cbs_gemeente_2020_labelpoint.105,GM0340,Rhenen,2020GM0340,gemeente,NL310,"3",NL310,NL,Utrecht,Utrecht,"4","1","3",NL310,A,T,NR,TOTAL,NL310,"1253672 ","1263572 ","1273613 ","1284504 ","1295484 ","1306912 "
cbs_gemeente_2020_labelpoint.106,GM0342,Soest,2020GM0342,gemeente,NL310,"3",NL310,NL,Utrecht,Utrecht,"4","1","3",NL310,A,T,NR,TOTAL,NL310,"1253672 ","1263572 ","1273613 ","1284504 ","1295484 ","1306912 "
cbs_gemeente_2020_labelpoint.107,GM0344,Utrecht,2020GM0344,gemeente,NL310,"3",NL310,NL,Utrecht,Utrecht,"4","1","3",NL310,A,T,NR,TOTAL,NL310,"1253672 ","1263572 ","1273613 ","1284504 ","1295484 ","1306912 "
cbs_gemeente_2020_labelpoint.108,GM0345,Veenendaal,2020GM0345,gemeente,NL310,"3",NL310,NL,Utrecht,Utrecht,"4","1","3",NL310,A,T,NR,TOTAL,NL310,"1253672 ","1263572 ","1273613 ","1284504 ","1295484 ","1306912 "
cbs_gemeente_2020_labelpoint.109,GM0351,Woudenberg,2020GM0351,gemeente,NL310,"3",NL310,NL,Utrecht,Utrecht,"4","1","3",NL310,A,T,NR,TOTAL,NL310,"1253672 ","1263572 ","1273613 ","1284504 ","1295484 ","1306912 "
cbs_gemeente_2020_labelpoint.110,GM0352,Wijk bij Duurstede,2020GM0352,gemeente,NL310,"3",NL310,NL,Utrecht,Utrecht,"4","1","3",NL310,A,T,NR,TOTAL,NL310,"1253672 ","1263572 ","1273613 ","1284504 ","1295484 ","1306912 "
cbs_gemeente_2020_labelpoint.111,GM0353,IJsselstein,2020GM0353,gemeente,NL310,"3",NL310,NL,Utrecht,Utrecht,"4","1","3",NL310,A,T,NR,TOTAL,NL310,"1253672 ","1263572 ","1273613 ","1284504 ","1295484 ","1306912 "
cbs_gemeente_2020_labelpoint.112,GM0355,Zeist,2020GM0355,gemeente,NL310,"3",NL310,NL,Utrecht,Utrecht,"4","1","3",NL310,A,T,NR,TOTAL,NL310,"1253672 ","1263572 ","1273613 ","1284504 ","1295484 ","1306912 "
cbs_gemeente_2020_labelpoint.113,GM0356,Nieuwegein,2020GM0356,gemeente,NL310,"3",NL310,NL,Utrecht,Utrecht,"4","1","3",NL310,A,T,NR,TOTAL,NL310,"1253672 ","1263572 ","1273613 ","1284504 ","1295484 ","1306912 "
cbs_gemeente_2020_labelpoint.114,GM0358,Aalsmeer,2020GM0358,gemeente,NL329,"3",NL329,NL,Groot-Amsterdam,Groot-Amsterdam,"4","1","2",NL329,A,T,NR,TOTAL,NL329,"1305307 ","1313889 ","1329572 ","1344659 ","1357675 ","1370657 "
cbs_gemeente_2020_labelpoint.115,GM0361,Alkmaar,2020GM0361,gemeente,NL328,"3",NL328,NL,Alkmaar en omgeving,Alkmaar en omgeving,"4","1","1",NL328,A,T,NR,TOTAL,NL328,"233359 ","240505 ","241621 ","243632 ","245196 ","246730 "
cbs_gemeente_2020_labelpoint.116,GM0362,Amstelveen,2020GM0362,gemeente,NL329,"3",NL329,NL,Groot-Amsterdam,Groot-Amsterdam,"4","1","2",NL329,A,T,NR,TOTAL,NL329,"1305307 ","1313889 ","1329572 ","1344659 ","1357675 ","1370657 "
cbs_gemeente_2020_labelpoint.117,GM0363,Amsterdam,2020GM0363,gemeente,NL329,"3",NL329,NL,Groot-Amsterdam,Groot-Amsterdam,"4","1","2",NL329,A,T,NR,TOTAL,NL329,"1305307 ","1313889 ","1329572 ","1344659 ","1357675 ","1370657 "
cbs_gemeente_2020_labelpoint.118,GM0370,Beemster,2020GM0370,gemeente,NL329,"3",NL329,NL,Groot-Amsterdam,Groot-Amsterdam,"4","1","2",NL329,A,T,NR,TOTAL,NL329,"1305307 ","1313889 ","1329572 ","1344659 ","1357675 ","1370657 "
cbs_gemeente_2020_labelpoint.119,GM0373,Bergen (NH.),2020GM0373,gemeente,NL328,"3",NL328,NL,Alkmaar en omgeving,Alkmaar en omgeving,"4","1","1",NL328,A,T,NR,TOTAL,NL328,"233359 ","240505 ","241621 ","243632 ","245196 ","246730 "
cbs_gemeente_2020_labelpoint.120,GM0375,Beverwijk,2020GM0375,gemeente,NL323,"3",NL323,NL,IJmond,IJmond,"4","1","1",NL323,A,T,NR,TOTAL,NL323,"193923 ","194138 ","195029 ","196180 ","197182 ","197988 "
cbs_gemeente_2020_labelpoint.121,GM0376,Blaricum,2020GM0376,gemeente,NL327,"3",NL327,NL,Het Gooi en Vechtstreek,Het Gooi en Vechtstreek,"4","1","2",NL327,A,T,NR,TOTAL,NL327,"245109 ","246497 ","248324 ","250692 ","252974 ","254970 "
cbs_gemeente_2020_labelpoint.122,GM0377,Bloemendaal,2020GM0377,gemeente,NL324,"3",NL324,NL,Agglomeratie Haarlem,Agglomeratie Haarlem,"4","1","1",NL324,A,T,NR,TOTAL,NL324,"225680 ","227647 ","229572 ","231555 ","232834 ","235141 "
cbs_gemeente_2020_labelpoint.123,GM0383,Castricum,2020GM0383,gemeente,NL323,"3",NL323,NL,IJmond,IJmond,"4","1","1",NL323,A,T,NR,TOTAL,NL323,"193923 ","194138 ","195029 ","196180 ","197182 ","197988 "
cbs_gemeente_2020_labelpoint.124,GM0384,Diemen,2020GM0384,gemeente,NL329,"3",NL329,NL,Groot-Amsterdam,Groot-Amsterdam,"4","1","2",NL329,A,T,NR,TOTAL,NL329,"1305307 ","1313889 ","1329572 ","1344659 ","1357675 ","1370657 "
cbs_gemeente_2020_labelpoint.125,GM0388,Enkhuizen,2020GM0388,gemeente,NL321,"3",NL321,NL,Kop van Noord-Holland,Kop van Noord-Holland,"4","1","1",NL321,A,T,NR,TOTAL,NL321,"371616 ","372095 ","372606 ","373266 ","374461 ","375659 "
cbs_gemeente_2020_labelpoint.126,GM0392,Haarlem,2020GM0392,gemeente,NL324,"3",NL324,NL,Agglomeratie Haarlem,Agglomeratie Haarlem,"4","1","1",NL324,A,T,NR,TOTAL,NL324,"225680 ","227647 ","229572 ","231555 ","232834 ","235141 "
cbs_gemeente_2020_labelpoint.127,GM0394,Haarlemmermeer,2020GM0394,gemeente,NL329,"3",NL329,NL,Groot-Amsterdam,Groot-Amsterdam,"4","1","2",NL329,A,T,NR,TOTAL,NL329,"1305307 ","1313889 ","1329572 ","1344659 ","1357675 ","1370657 "
cbs_gemeente_2020_labelpoint.128,GM0396,Heemskerk,2020GM0396,gemeente,NL323,"3",NL323,NL,IJmond,IJmond,"4","1","1",NL323,A,T,NR,TOTAL,NL323,"193923 ","194138 ","195029 ","196180 ","197182 ","197988 "
cbs_gemeente_2020_labelpoint.129,GM0397,Heemstede,2020GM0397,gemeente,NL324,"3",NL324,NL,Agglomeratie Haarlem,Agglomeratie Haarlem,"4","1","1",NL324,A,T,NR,TOTAL,NL324,"225680 ","227647 ","229572 ","231555 ","232834 ","235141 "
cbs_gemeente_2020_labelpoint.130,GM0398,Heerhugowaard,2020GM0398,gemeente,NL328,"3",NL328,NL,Alkmaar en omgeving,Alkmaar en omgeving,"4","1","1",NL328,A,T,NR,TOTAL,NL328,"233359 ","240505 ","241621 ","243632 ","245196 ","246730 "
cbs_gemeente_2020_labelpoint.131,GM0399,Heiloo,2020GM0399,gemeente,NL328,"3",NL328,NL,Alkmaar en omgeving,Alkmaar en omgeving,"4","1","1",NL328,A,T,NR,TOTAL,NL328,"233359 ","240505 ","241621 ","243632 ","245196 ","246730 "
cbs_gemeente_2020_labelpoint.132,GM0400,Den Helder,2020GM0400,gemeente,NL321,"3",NL321,NL,Kop van Noord-Holland,Kop van Noord-Holland,"4","1","1",NL321,A,T,NR,TOTAL,NL321,"371616 ","372095 ","372606 ","373266 ","374461 ","375659 "
cbs_gemeente_2020_labelpoint.133,GM0402,Hilversum,2020GM0402,gemeente,NL327,"3",NL327,NL,Het Gooi en Vechtstreek,Het Gooi en Vechtstreek,"4","1","2",NL327,A,T,NR,TOTAL,NL327,"245109 ","246497 ","248324 ","250692 ","252974 ","254970 "
cbs_gemeente_2020_labelpoint.134,GM0405,Hoorn,2020GM0405,gemeente,NL321,"3",NL321,NL,Kop van Noord-Holland,Kop van Noord-Holland,"4","1","1",NL321,A,T,NR,TOTAL,NL321,"371616 ","372095 ","372606 ","373266 ","374461 ","375659 "
cbs_gemeente_2020_labelpoint.135,GM0406,Huizen,2020GM0406,gemeente,NL327,"3",NL327,NL,Het Gooi en Vechtstreek,Het Gooi en Vechtstreek,"4","1","2",NL327,A,T,NR,TOTAL,NL327,"245109 ","246497 ","248324 ","250692 ","252974 ","254970 "
cbs_gemeente_2020_labelpoint.136,GM0415,Landsmeer,2020GM0415,gemeente,NL329,"3",NL329,NL,Groot-Amsterdam,Groot-Amsterdam,"4","1","2",NL329,A,T,NR,TOTAL,NL329,"1305307 ","1313889 ","1329572 ","1344659 ","1357675 ","1370657 "
cbs_gemeente_2020_labelpoint.137,GM0416,Langedijk,2020GM0416,gemeente,NL328,"3",NL328,NL,Alkmaar en omgeving,Alkmaar en omgeving,"4","1","1",NL328,A,T,NR,TOTAL,NL328,"233359 ","240505 ","241621 ","243632 ","245196 ","246730 "
cbs_gemeente_2020_labelpoint.138,GM0417,Laren,2020GM0417,gemeente,NL327,"3",NL327,NL,Het Gooi en Vechtstreek,Het Gooi en Vechtstreek,"4","1","2",NL327,A,T,NR,TOTAL,NL327,"245109 ","246497 ","248324 ","250692 ","252974 ","254970 "
cbs_gemeente_2020_labelpoint.139,GM0420,Medemblik,2020GM0420,gemeente,NL321,"3",NL321,NL,Kop van Noord-Holland,Kop van Noord-Holland,"4","1","1",NL321,A,T,NR,TOTAL,NL321,"371616 ","372095 ","372606 ","373266 ","374461 ","375659 "
cbs_gemeente_2020_labelpoint.140,GM1942,Gooise Meren,2020GM1942,gemeente,NL327,"3",NL327,NL,Het Gooi en Vechtstreek,Het Gooi en Vechtstreek,"4","1","2",NL327,A,T,NR,TOTAL,NL327,"245109 ","246497 ","248324 ","250692 ","252974 ","254970 "
cbs_gemeente_2020_labelpoint.141,GM0431,Oostzaan,2020GM0431,gemeente,NL329,"3",NL329,NL,Groot-Amsterdam,Groot-Amsterdam,"4","1","2",NL329,A,T,NR,TOTAL,NL329,"1305307 ","1313889 ","1329572 ","1344659 ","1357675 ","1370657 "
cbs_gemeente_2020_labelpoint.142,GM0432,Opmeer,2020GM0432,gemeente,NL321,"3",NL321,NL,Kop van Noord-Holland,Kop van Noord-Holland,"4","1","1",NL321,A,T,NR,TOTAL,NL321,"371616 ","372095 ","372606 ","373266 ","374461 ","375659 "
cbs_gemeente_2020_labelpoint.143,GM0437,Ouder-Amstel,2020GM0437,gemeente,NL329,"3",NL329,NL,Groot-Amsterdam,Groot-Amsterdam,"4","1","2",NL329,A,T,NR,TOTAL,NL329,"1305307 ","1313889 ","1329572 ","1344659 ","1357675 ","1370657 "
cbs_gemeente_2020_labelpoint.144,GM0439,Purmerend,2020GM0439,gemeente,NL329,"3",NL329,NL,Groot-Amsterdam,Groot-Amsterdam,"4","1","2",NL329,A,T,NR,TOTAL,NL329,"1305307 ","1313889 ","1329572 ","1344659 ","1357675 ","1370657 "
cbs_gemeente_2020_labelpoint.145,GM0441,Schagen,2020GM0441,gemeente,NL321,"3",NL321,NL,Kop van Noord-Holland,Kop van Noord-Holland,"4","1","1",NL321,A,T,NR,TOTAL,NL321,"371616 ","372095 ","372606 ","373266 ","374461 ","375659 "
cbs_gemeente_2020_labelpoint.146,GM0448,Texel,2020GM0448,gemeente,NL321,"3",NL321,NL,Kop van Noord-Holland,Kop van Noord-Holland,"4","1","1",NL321,A,T,NR,TOTAL,NL321,"371616 ","372095 ","372606 ","373266 ","374461 ","375659 "
cbs_gemeente_2020_labelpoint.147,GM0450,Uitgeest,2020GM0450,gemeente,NL323,"3",NL323,NL,IJmond,IJmond,"4","1","1",NL323,A,T,NR,TOTAL,NL323,"193923 ","194138 ","195029 ","196180 ","197182 ","197988 "
cbs_gemeente_2020_labelpoint.148,GM0451,Uithoorn,2020GM0451,gemeente,NL329,"3",NL329,NL,Groot-Amsterdam,Groot-Amsterdam,"4","1","2",NL329,A,T,NR,TOTAL,NL329,"1305307 ","1313889 ","1329572 ","1344659 ","1357675 ","1370657 "
cbs_gemeente_2020_labelpoint.149,GM0453,Velsen,2020GM0453,gemeente,NL323,"3",NL323,NL,IJmond,IJmond,"4","1","1",NL323,A,T,NR,TOTAL,NL323,"193923 ","194138 ","195029 ","196180 ","197182 ","197988 "
cbs_gemeente_2020_labelpoint.150,GM0457,Weesp,2020GM0457,gemeente,NL327,"3",NL327,NL,Het Gooi en Vechtstreek,Het Gooi en Vechtstreek,"4","1","2",NL327,A,T,NR,TOTAL,NL327,"245109 ","246497 ","248324 ","250692 ","252974 ","254970 "
cbs_gemeente_2020_labelpoint.151,GM0473,Zandvoort,2020GM0473,gemeente,NL324,"3",NL324,NL,Agglomeratie Haarlem,Agglomeratie Haarlem,"4","1","1",NL324,A,T,NR,TOTAL,NL324,"225680 ","227647 ","229572 ","231555 ","232834 ","235141 "
cbs_gemeente_2020_labelpoint.152,GM0385,Edam-Volendam,2020GM0385,gemeente,NL329,"3",NL329,NL,Groot-Amsterdam,Groot-Amsterdam,"4","1","2",NL329,A,T,NR,TOTAL,NL329,"1305307 ","1313889 ","1329572 ","1344659 ","1357675 ","1370657 "
cbs_gemeente_2020_labelpoint.153,GM0479,Zaanstad,2020GM0479,gemeente,NL325,"3",NL325,NL,Zaanstreek,Zaanstreek,"4","1","2",NL325,A,T,NR,TOTAL,NL325,"166375 ","167158 ","168130 ","169499 ","170860 ","172214 "
cbs_gemeente_2020_labelpoint.154,GM0482,Alblasserdam,2020GM0482,gemeente,NL33A,"3",NL33A,NL,Zuidoost-Zuid-Holland,Zuidoost-Zuid-Holland,"4","1","2",NL33A,A,T,NR,TOTAL,NL33A,"399315 ","400229 ","400908 ","402373 ","404109 ","405481 "
cbs_gemeente_2020_labelpoint.155,GM0489,Barendrecht,2020GM0489,gemeente,NL33C,"3",NL33C,NL,Groot-Rijnmond,Groot-Rijnmond,"4","1","1",NL33C,A,T,NR,TOTAL,NL33C,"1417821 ","1403932 ","1412322 ","1422465 ","1431245 ","1441452 "
cbs_gemeente_2020_labelpoint.156,GM1931,Krimpenerwaard,2020GM1931,gemeente,NL33B,"3",NL33B,NL,Oost-Zuid-Holland,Oost-Zuid-Holland,"4","1","2",NL33B,A,T,NR,TOTAL,NL33B,"294815 ","318688 ","320758 ","324054 ","327821 ","331621 "
cbs_gemeente_2020_labelpoint.157,GM0498,Drechterland,2020GM0498,gemeente,NL321,"3",NL321,NL,Kop van Noord-Holland,Kop van Noord-Holland,"4","1","1",NL321,A,T,NR,TOTAL,NL321,"371616 ","372095 ","372606 ","373266 ","374461 ","375659 "
cbs_gemeente_2020_labelpoint.158,GM0501,Brielle,2020GM0501,gemeente,NL33C,"3",NL33C,NL,Groot-Rijnmond,Groot-Rijnmond,"4","1","1",NL33C,A,T,NR,TOTAL,NL33C,"1417821 ","1403932 ","1412322 ","1422465 ","1431245 ","1441452 "
cbs_gemeente_2020_labelpoint.159,GM0502,Capelle aan den IJssel,2020GM0502,gemeente,NL33C,"3",NL33C,NL,Groot-Rijnmond,Groot-Rijnmond,"4","1","1",NL33C,A,T,NR,TOTAL,NL33C,"1417821 ","1403932 ","1412322 ","1422465 ","1431245 ","1441452 "
cbs_gemeente_2020_labelpoint.160,GM0503,Delft,2020GM0503,gemeente,NL333,"3",NL333,NL,Delft en Westland,Delft en Westland,"4","1","1",NL333,A,T,NR,TOTAL,NL333,"221743 ","224041 ","224867 ","226047 ","229083 ","231157 "
cbs_gemeente_2020_labelpoint.161,GM0505,Dordrecht,2020GM0505,gemeente,NL33A,"3",NL33A,NL,Zuidoost-Zuid-Holland,Zuidoost-Zuid-Holland,"4","1","2",NL33A,A,T,NR,TOTAL,NL33A,"399315 ","400229 ","400908 ","402373 ","404109 ","405481 "
cbs_gemeente_2020_labelpoint.162,GM0512,Gorinchem,2020GM0512,gemeente,NL33A,"3",NL33A,NL,Zuidoost-Zuid-Holland,Zuidoost-Zuid-Holland,"4","1","2",NL33A,A,T,NR,TOTAL,NL33A,"399315 ","400229 ","400908 ","402373 ","404109 ","405481 "
cbs_gemeente_2020_labelpoint.163,GM0513,Gouda,2020GM0513,gemeente,NL33B,"3",NL33B,NL,Oost-Zuid-Holland,Oost-Zuid-Holland,"4","1","2",NL33B,A,T,NR,TOTAL,NL33B,"294815 ","318688 ","320758 ","324054 ","327821 ","331621 "
cbs_gemeente_2020_labelpoint.164,GM0518,'s-Gravenhage,2020GM0518,gemeente,NL332,"3",NL332,NL,Agglomeratie's-Gravenhage,Agglomeratie's-Gravenhage,"4","1","1",NL332,A,T,NR,TOTAL,NL332,"830237 ","838015 ","845425 ","853987 ","864129 ","872211 "
cbs_gemeente_2020_labelpoint.165,GM0523,Hardinxveld-Giessendam,2020GM0523,gemeente,NL33A,"3",NL33A,NL,Zuidoost-Zuid-Holland,Zuidoost-Zuid-Holland,"4","1","2",NL33A,A,T,NR,TOTAL,NL33A,"399315 ","400229 ","400908 ","402373 ","404109 ","405481 "
cbs_gemeente_2020_labelpoint.166,GM0530,Hellevoetsluis,2020GM0530,gemeente,NL33C,"3",NL33C,NL,Groot-Rijnmond,Groot-Rijnmond,"4","1","1",NL33C,A,T,NR,TOTAL,NL33C,"1417821 ","1403932 ","1412322 ","1422465 ","1431245 ","1441452 "
cbs_gemeente_2020_labelpoint.167,GM0531,Hendrik-Ido-Ambacht,2020GM0531,gemeente,NL33A,"3",NL33A,NL,Zuidoost-Zuid-Holland,Zuidoost-Zuid-Holland,"4","1","2",NL33A,A,T,NR,TOTAL,NL33A,"399315 ","400229 ","400908 ","402373 ","404109 ","405481 "
cbs_gemeente_2020_labelpoint.168,GM0532,Stede Broec,2020GM0532,gemeente,NL321,"3",NL321,NL,Kop van Noord-Holland,Kop van Noord-Holland,"4","1","1",NL321,A,T,NR,TOTAL,NL321,"371616 ","372095 ","372606 ","373266 ","374461 ","375659 "
cbs_gemeente_2020_labelpoint.169,GM0534,Hillegom,2020GM0534,gemeente,NL337,"3",NL337,NL,Agglomeratie Leiden en Bollenstreek,Agglomeratie Leiden en Bollenstreek,"4","1","1",NL337,A,T,NR,TOTAL,NL337,"413101 ","415106 ","418023 ","421296 ","424657 ","427217 "
cbs_gemeente_2020_labelpoint.170,GM0537,Katwijk,2020GM0537,gemeente,NL337,"3",NL337,NL,Agglomeratie Leiden en Bollenstreek,Agglomeratie Leiden en Bollenstreek,"4","1","1",NL337,A,T,NR,TOTAL,NL337,"413101 ","415106 ","418023 ","421296 ","424657 ","427217 "
cbs_gemeente_2020_labelpoint.171,GM0542,Krimpen aan den IJssel,2020GM0542,gemeente,NL33C,"3",NL33C,NL,Groot-Rijnmond,Groot-Rijnmond,"4","1","1",NL33C,A,T,NR,TOTAL,NL33C,"1417821 ","1403932 ","1412322 ","1422465 ","1431245 ","1441452 "
cbs_gemeente_2020_labelpoint.172,GM0546,Leiden,2020GM0546,gemeente,NL337,"3",NL337,NL,Agglomeratie Leiden en Bollenstreek,Agglomeratie Leiden en Bollenstreek,"4","1","1",NL337,A,T,NR,TOTAL,NL337,"413101 ","415106 ","418023 ","421296 ","424657 ","427217 "
cbs_gemeente_2020_labelpoint.173,GM0547,Leiderdorp,2020GM0547,gemeente,NL337,"3",NL337,NL,Agglomeratie Leiden en Bollenstreek,Agglomeratie Leiden en Bollenstreek,"4","1","1",NL337,A,T,NR,TOTAL,NL337,"413101 ","415106 ","418023 ","421296 ","424657 ","427217 "
cbs_gemeente_2020_labelpoint.174,GM0553,Lisse,2020GM0553,gemeente,NL337,"3",NL337,NL,Agglomeratie Leiden en Bollenstreek,Agglomeratie Leiden en Bollenstreek,"4","1","1",NL337,A,T,NR,TOTAL,NL337,"413101 ","415106 ","418023 ","421296 ","424657 ","427217 "
cbs_gemeente_2020_labelpoint.175,GM0556,Maassluis,2020GM0556,gemeente,NL33C,"3",NL33C,NL,Groot-Rijnmond,Groot-Rijnmond,"4","1","1",NL33C,A,T,NR,TOTAL,NL33C,"1417821 ","1403932 ","1412322 ","1422465 ","1431245 ","1441452 "
cbs_gemeente_2020_labelpoint.176,GM1930,Nissewaard,2020GM1930,gemeente,NL33C,"3",NL33C,NL,Groot-Rijnmond,Groot-Rijnmond,"4","1","1",NL33C,A,T,NR,TOTAL,NL33C,"1417821 ","1403932 ","1412322 ","1422465 ","1431245 ","1441452 "
cbs_gemeente_2020_labelpoint.177,GM0569,Nieuwkoop,2020GM0569,gemeente,NL33B,"3",NL33B,NL,Oost-Zuid-Holland,Oost-Zuid-Holland,"4","1","2",NL33B,A,T,NR,TOTAL,NL33B,"294815 ","318688 ","320758 ","324054 ","327821 ","331621 "
cbs_gemeente_2020_labelpoint.178,GM0575,Noordwijk,2020GM0575,gemeente,NL337,"3",NL337,NL,Agglomeratie Leiden en Bollenstreek,Agglomeratie Leiden en Bollenstreek,"4","1","1",NL337,A,T,NR,TOTAL,NL337,"413101 ","415106 ","418023 ","421296 ","424657 ","427217 "
cbs_gemeente_2020_labelpoint.179,GM0579,Oegstgeest,2020GM0579,gemeente,NL337,"3",NL337,NL,Agglomeratie Leiden en Bollenstreek,Agglomeratie Leiden en Bollenstreek,"4","1","1",NL337,A,T,NR,TOTAL,NL337,"413101 ","415106 ","418023 ","421296 ","424657 ","427217 "
cbs_gemeente_2020_labelpoint.180,GM0589,Oudewater,2020GM0589,gemeente,NL310,"3",NL310,NL,Utrecht,Utrecht,"4","1","3",NL310,A,T,NR,TOTAL,NL310,"1253672 ","1263572 ","1273613 ","1284504 ","1295484 ","1306912 "
cbs_gemeente_2020_labelpoint.181,GM0590,Papendrecht,2020GM0590,gemeente,NL33A,"3",NL33A,NL,Zuidoost-Zuid-Holland,Zuidoost-Zuid-Holland,"4","1","2",NL33A,A,T,NR,TOTAL,NL33A,"399315 ","400229 ","400908 ","402373 ","404109 ","405481 "
cbs_gemeente_2020_labelpoint.182,GM0597,Ridderkerk,2020GM0597,gemeente,NL33C,"3",NL33C,NL,Groot-Rijnmond,Groot-Rijnmond,"4","1","1",NL33C,A,T,NR,TOTAL,NL33C,"1417821 ","1403932 ","1412322 ","1422465 ","1431245 ","1441452 "
cbs_gemeente_2020_labelpoint.183,GM0599,Rotterdam,2020GM0599,gemeente,NL33C,"3",NL33C,NL,Groot-Rijnmond,Groot-Rijnmond,"4","1","1",NL33C,A,T,NR,TOTAL,NL33C,"1417821 ","1403932 ","1412322 ","1422465 ","1431245 ","1441452 "
cbs_gemeente_2020_labelpoint.184,GM0603,Rijswijk,2020GM0603,gemeente,NL332,"3",NL332,NL,Agglomeratie's-Gravenhage,Agglomeratie's-Gravenhage,"4","1","1",NL332,A,T,NR,TOTAL,NL332,"830237 ","838015 ","845425 ","853987 ","864129 ","872211 "
cbs_gemeente_2020_labelpoint.185,GM0606,Schiedam,2020GM0606,gemeente,NL33C,"3",NL33C,NL,Groot-Rijnmond,Groot-Rijnmond,"4","1","1",NL33C,A,T,NR,TOTAL,NL33C,"1417821 ","1403932 ","1412322 ","1422465 ","1431245 ","1441452 "
cbs_gemeente_2020_labelpoint.186,GM0610,Sliedrecht,2020GM0610,gemeente,NL33A,"3",NL33A,NL,Zuidoost-Zuid-Holland,Zuidoost-Zuid-Holland,"4","1","2",NL33A,A,T,NR,TOTAL,NL33A,"399315 ","400229 ","400908 ","402373 ","404109 ","405481 "
cbs_gemeente_2020_labelpoint.187,GM1963,Hoeksche Waard,2020GM1963,gemeente,NL33C,"3",NL33C,NL,Groot-Rijnmond,Groot-Rijnmond,"4","1","1",NL33C,A,T,NR,TOTAL,NL33C,"1417821 ","1403932 ","1412322 ","1422465 ","1431245 ","1441452 "
cbs_gemeente_2020_labelpoint.188,GM0613,Albrandswaard,2020GM0613,gemeente,NL33C,"3",NL33C,NL,Groot-Rijnmond,Groot-Rijnmond,"4","1","1",NL33C,A,T,NR,TOTAL,NL33C,"1417821 ","1403932 ","1412322 ","1422465 ","1431245 ","1441452 "
cbs_gemeente_2020_labelpoint.189,GM0614,Westvoorne,2020GM0614,gemeente,NL33C,"3",NL33C,NL,Groot-Rijnmond,Groot-Rijnmond,"4","1","1",NL33C,A,T,NR,TOTAL,NL33C,"1417821 ","1403932 ","1412322 ","1422465 ","1431245 ","1441452 "
cbs_gemeente_2020_labelpoint.190,GM0622,Vlaardingen,2020GM0622,gemeente,NL33C,"3",NL33C,NL,Groot-Rijnmond,Groot-Rijnmond,"4","1","1",NL33C,A,T,NR,TOTAL,NL33C,"1417821 ","1403932 ","1412322 ","1422465 ","1431245 ","1441452 "
cbs_gemeente_2020_labelpoint.191,GM0626,Voorschoten,2020GM0626,gemeente,NL337,"3",NL337,NL,Agglomeratie Leiden en Bollenstreek,Agglomeratie Leiden en Bollenstreek,"4","1","1",NL337,A,T,NR,TOTAL,NL337,"413101 ","415106 ","418023 ","421296 ","424657 ","427217 "
cbs_gemeente_2020_labelpoint.192,GM0627,Waddinxveen,2020GM0627,gemeente,NL33B,"3",NL33B,NL,Oost-Zuid-Holland,Oost-Zuid-Holland,"4","1","2",NL33B,A,T,NR,TOTAL,NL33B,"294815 ","318688 ","320758 ","324054 ","327821 ","331621 "
cbs_gemeente_2020_labelpoint.193,GM0629,Wassenaar,2020GM0629,gemeente,NL332,"3",NL332,NL,Agglomeratie's-Gravenhage,Agglomeratie's-Gravenhage,"4","1","1",NL332,A,T,NR,TOTAL,NL332,"830237 ","838015 ","845425 ","853987 ","864129 ","872211 "
cbs_gemeente_2020_labelpoint.194,GM0632,Woerden,2020GM0632,gemeente,NL310,"3",NL310,NL,Utrecht,Utrecht,"4","1","3",NL310,A,T,NR,TOTAL,NL310,"1253672 ","1263572 ","1273613 ","1284504 ","1295484 ","1306912 "
cbs_gemeente_2020_labelpoint.195,GM0637,Zoetermeer,2020GM0637,gemeente,NL332,"3",NL332,NL,Agglomeratie's-Gravenhage,Agglomeratie's-Gravenhage,"4","1","1",NL332,A,T,NR,TOTAL,NL332,"830237 ","838015 ","845425 ","853987 ","864129 ","872211 "
cbs_gemeente_2020_labelpoint.196,GM0638,Zoeterwoude,2020GM0638,gemeente,NL337,"3",NL337,NL,Agglomeratie Leiden en Bollenstreek,Agglomeratie Leiden en Bollenstreek,"4","1","1",NL337,A,T,NR,TOTAL,NL337,"413101 ","415106 ","418023 ","421296 ","424657 ","427217 "
cbs_gemeente_2020_labelpoint.197,GM0642,Zwijndrecht,2020GM0642,gemeente,NL33A,"3",NL33A,NL,Zuidoost-Zuid-Holland,Zuidoost-Zuid-Holland,"4","1","2",NL33A,A,T,NR,TOTAL,NL33A,"399315 ","400229 ","400908 ","402373 ","404109 ","405481 "
cbs_gemeente_2020_labelpoint.198,GM0654,Borsele,2020GM0654,gemeente,NL342,"3",NL342,NL,Overig Zeeland,Overig Zeeland,"4","2","1",NL342,A,T,NR,TOTAL,NL342,"274704 ","275042 ","275584 ","275927 ","276866 ","277533 "
cbs_gemeente_2020_labelpoint.199,GM0664,Goes,2020GM0664,gemeente,NL342,"3",NL342,NL,Overig Zeeland,Overig Zeeland,"4","2","1",NL342,A,T,NR,TOTAL,NL342,"274704 ","275042 ","275584 ","275927 ","276866 ","277533 "
cbs_gemeente_2020_labelpoint.200,GM0668,West Maas en Waal,2020GM0668,gemeente,NL224,"3",NL224,NL,Zuidwest-Gelderland,Zuidwest-Gelderland,"4","2","3",NL224,A,T,NR,TOTAL,NL224,"237076 ","237548 ","238305 ","239890 ","241244 ","244052 "
cbs_gemeente_2020_labelpoint.201,GM0677,Hulst,2020GM0677,gemeente,NL341,"3",NL341,NL,Zeeuwsch-Vlaanderen,Zeeuwsch-Vlaanderen,"4","3","1",NL341,A,T,NR,TOTAL,NL341,"105917 ","105684 ","105668 ","105641 ","105438 ","105499 "
cbs_gemeente_2020_labelpoint.202,GM0678,Kapelle,2020GM0678,gemeente,NL342,"3",NL342,NL,Overig Zeeland,Overig Zeeland,"4","2","1",NL342,A,T,NR,TOTAL,NL342,"274704 ","275042 ","275584 ","275927 ","276866 ","277533 "
cbs_gemeente_2020_labelpoint.203,GM0687,Middelburg,2020GM0687,gemeente,NL342,"3",NL342,NL,Overig Zeeland,Overig Zeeland,"4","2","1",NL342,A,T,NR,TOTAL,NL342,"274704 ","275042 ","275584 ","275927 ","276866 ","277533 "
cbs_gemeente_2020_labelpoint.204,GM0703,Reimerswaal,2020GM0703,gemeente,NL342,"3",NL342,NL,Overig Zeeland,Overig Zeeland,"4","2","1",NL342,A,T,NR,TOTAL,NL342,"274704 ","275042 ","275584 ","275927 ","276866 ","277533 "
cbs_gemeente_2020_labelpoint.205,GM1961,Vijfheerenlanden,2020GM1961,gemeente,NL33A,"3",NL33A,NL,Zuidoost-Zuid-Holland,Zuidoost-Zuid-Holland,"4","1","2",NL33A,A,T,NR,TOTAL,NL33A,"399315 ","400229 ","400908 ","402373 ","404109 ","405481 "
cbs_gemeente_2020_labelpoint.206,GM0715,Terneuzen,2020GM0715,gemeente,NL341,"3",NL341,NL,Zeeuwsch-Vlaanderen,Zeeuwsch-Vlaanderen,"4","3","1",NL341,A,T,NR,TOTAL,NL341,"105917 ","105684 ","105668 ","105641 ","105438 ","105499 "
cbs_gemeente_2020_labelpoint.207,GM0716,Tholen,2020GM0716,gemeente,NL342,"3",NL342,NL,Overig Zeeland,Overig Zeeland,"4","2","1",NL342,A,T,NR,TOTAL,NL342,"274704 ","275042 ","275584 ","275927 ","276866 ","277533 "
cbs_gemeente_2020_labelpoint.208,GM0717,Veere,2020GM0717,gemeente,NL342,"3",NL342,NL,Overig Zeeland,Overig Zeeland,"4","2","1",NL342,A,T,NR,TOTAL,NL342,"274704 ","275042 ","275584 ","275927 ","276866 ","277533 "
cbs_gemeente_2020_labelpoint.209,GM0718,Vlissingen,2020GM0718,gemeente,NL342,"3",NL342,NL,Overig Zeeland,Overig Zeeland,"4","2","1",NL342,A,T,NR,TOTAL,NL342,"274704 ","275042 ","275584 ","275927 ","276866 ","277533 "
cbs_gemeente_2020_labelpoint.210,GM0736,De Ronde Venen,2020GM0736,gemeente,NL310,"3",NL310,NL,Utrecht,Utrecht,"4","1","3",NL310,A,T,NR,TOTAL,NL310,"1253672 ","1263572 ","1273613 ","1284504 ","1295484 ","1306912 "
cbs_gemeente_2020_labelpoint.211,GM0737,Tytsjerksteradiel,2020GM0737,gemeente,NL124,"3",NL124,NL,Noord-Friesland,Noord-Friesland,"4","2","1",NL124,A,T,NR,TOTAL,NL124,"324368 ","324103 ","324077 ","324367 ","324251 ","324653 "
cbs_gemeente_2020_labelpoint.212,GM1959,Altena,2020GM1959,gemeente,NL412,"3",NL412,NL,Midden-Noord-Brabant,Midden-Noord-Brabant,"4","1","3",NL412,A,T,NR,TOTAL,NL412,"465254 ","466683 ","469184 ","471737 ","475223 ","478957 "
cbs_gemeente_2020_labelpoint.213,GM0743,Asten,2020GM0743,gemeente,NL414,"3",NL414,NL,Zuidoost-Noord-Brabant,Zuidoost-Noord-Brabant,"4","1","3",NL414,A,T,NR,TOTAL,NL414,"748326 ","752523 ","756615 ","761763 ","766818 ","773203 "
cbs_gemeente_2020_labelpoint.214,GM0744,Baarle-Nassau,2020GM0744,gemeente,NL412,"3",NL412,NL,Midden-Noord-Brabant,Midden-Noord-Brabant,"4","1","3",NL412,A,T,NR,TOTAL,NL412,"465254 ","466683 ","469184 ","471737 ","475223 ","478957 "
cbs_gemeente_2020_labelpoint.215,GM0748,Bergen op Zoom,2020GM0748,gemeente,NL411,"3",NL411,NL,West-Noord-Brabant,West-Noord-Brabant,"4","1","2",NL411,A,T,NR,TOTAL,NL411,"622052 ","623882 ","625319 ","627967 ","631423 ","634030 "
cbs_gemeente_2020_labelpoint.216,GM0753,Best,2020GM0753,gemeente,NL414,"3",NL414,NL,Zuidoost-Noord-Brabant,Zuidoost-Noord-Brabant,"4","1","3",NL414,A,T,NR,TOTAL,NL414,"748326 ","752523 ","756615 ","761763 ","766818 ","773203 "
cbs_gemeente_2020_labelpoint.217,GM0755,Boekel,2020GM0755,gemeente,NL413,"3",NL413,NL,Noordoost-Noord-Brabant,Noordoost-Noord-Brabant,"4","2","3",NL413,A,T,NR,TOTAL,NL413,"643642 ","645663 ","647631 ","651064 ","654822 ","658616 "
cbs_gemeente_2020_labelpoint.218,GM0756,Boxmeer,2020GM0756,gemeente,NL413,"3",NL413,NL,Noordoost-Noord-Brabant,Noordoost-Noord-Brabant,"4","2","3",NL413,A,T,NR,TOTAL,NL413,"643642 ","645663 ","647631 ","651064 ","654822 ","658616 "
cbs_gemeente_2020_labelpoint.219,GM0757,Boxtel,2020GM0757,gemeente,NL413,"3",NL413,NL,Noordoost-Noord-Brabant,Noordoost-Noord-Brabant,"4","2","3",NL413,A,T,NR,TOTAL,NL413,"643642 ","645663 ","647631 ","651064 ","654822 ","658616 "
cbs_gemeente_2020_labelpoint.220,GM0758,Breda,2020GM0758,gemeente,NL411,"3",NL411,NL,West-Noord-Brabant,West-Noord-Brabant,"4","1","2",NL411,A,T,NR,TOTAL,NL411,"622052 ","623882 ","625319 ","627967 ","631423 ","634030 "
cbs_gemeente_2020_labelpoint.221,GM0762,Deurne,2020GM0762,gemeente,NL414,"3",NL414,NL,Zuidoost-Noord-Brabant,Zuidoost-Noord-Brabant,"4","1","3",NL414,A,T,NR,TOTAL,NL414,"748326 ","752523 ","756615 ","761763 ","766818 ","773203 "
cbs_gemeente_2020_labelpoint.222,GM0765,Pekela,2020GM0765,gemeente,NL111,"3",NL111,NL,Oost-Groningen,Oost-Groningen,"4","2","1",NL111,A,T,NR,TOTAL,NL111,"148944 ","148966 ","148583 ","147393 ","146785 ","146803 "
cbs_gemeente_2020_labelpoint.223,GM0766,Dongen,2020GM0766,gemeente,NL412,"3",NL412,NL,Midden-Noord-Brabant,Midden-Noord-Brabant,"4","1","3",NL412,A,T,NR,TOTAL,NL412,"465254 ","466683 ","469184 ","471737 ","475223 ","478957 "
cbs_gemeente_2020_labelpoint.224,GM0770,Eersel,2020GM0770,gemeente,NL414,"3",NL414,NL,Zuidoost-Noord-Brabant,Zuidoost-Noord-Brabant,"4","1","3",NL414,A,T,NR,TOTAL,NL414,"748326 ","752523 ","756615 ","761763 ","766818 ","773203 "
cbs_gemeente_2020_labelpoint.225,GM0772,Eindhoven,2020GM0772,gemeente,NL414,"3",NL414,NL,Zuidoost-Noord-Brabant,Zuidoost-Noord-Brabant,"4","1","3",NL414,A,T,NR,TOTAL,NL414,"748326 ","752523 ","756615 ","761763 ","766818 ","773203 "
cbs_gemeente_2020_labelpoint.226,GM0777,Etten-Leur,2020GM0777,gemeente,NL411,"3",NL411,NL,West-Noord-Brabant,West-Noord-Brabant,"4","1","2",NL411,A,T,NR,TOTAL,NL411,"622052 ","623882 ","625319 ","627967 ","631423 ","634030 "
cbs_gemeente_2020_labelpoint.227,GM0779,Geertruidenberg,2020GM0779,gemeente,NL411,"3",NL411,NL,West-Noord-Brabant,West-Noord-Brabant,"4","1","2",NL411,A,T,NR,TOTAL,NL411,"622052 ","623882 ","625319 ","627967 ","631423 ","634030 "
cbs_gemeente_2020_labelpoint.228,GM0784,Gilze en Rijen,2020GM0784,gemeente,NL412,"3",NL412,NL,Midden-Noord-Brabant,Midden-Noord-Brabant,"4","1","3",NL412,A,T,NR,TOTAL,NL412,"465254 ","466683 ","469184 ","471737 ","475223 ","478957 "
cbs_gemeente_2020_labelpoint.229,GM0785,Goirle,2020GM0785,gemeente,NL412,"3",NL412,NL,Midden-Noord-Brabant,Midden-Noord-Brabant,"4","1","3",NL412,A,T,NR,TOTAL,NL412,"465254 ","466683 ","469184 ","471737 ","475223 ","478957 "
cbs_gemeente_2020_labelpoint.230,GM0786,Grave,2020GM0786,gemeente,NL413,"3",NL413,NL,Noordoost-Noord-Brabant,Noordoost-Noord-Brabant,"4","2","3",NL413,A,T,NR,TOTAL,NL413,"643642 ","645663 ","647631 ","651064 ","654822 ","658616 "
cbs_gemeente_2020_labelpoint.231,GM0788,Haaren,2020GM0788,gemeente,NL413,"3",NL413,NL,Noordoost-Noord-Brabant,Noordoost-Noord-Brabant,"4","2","3",NL413,A,T,NR,TOTAL,NL413,"643642 ","645663 ","647631 ","651064 ","654822 ","658616 "
cbs_gemeente_2020_labelpoint.232,GM0794,Helmond,2020GM0794,gemeente,NL414,"3",NL414,NL,Zuidoost-Noord-Brabant,Zuidoost-Noord-Brabant,"4","1","3",NL414,A,T,NR,TOTAL,NL414,"748326 ","752523 ","756615 ","761763 ","766818 ","773203 "
cbs_gemeente_2020_labelpoint.233,GM0796,'s-Hertogenbosch,2020GM0796,gemeente,NL413,"3",NL413,NL,Noordoost-Noord-Brabant,Noordoost-Noord-Brabant,"4","2","3",NL413,A,T,NR,TOTAL,NL413,"643642 ","645663 ","647631 ","651064 ","654822 ","658616 "
cbs_gemeente_2020_labelpoint.234,GM0797,Heusden,2020GM0797,gemeente,NL413,"3",NL413,NL,Noordoost-Noord-Brabant,Noordoost-Noord-Brabant,"4","2","3",NL413,A,T,NR,TOTAL,NL413,"643642 ","645663 ","647631 ","651064 ","654822 ","658616 "
cbs_gemeente_2020_labelpoint.235,GM0798,Hilvarenbeek,2020GM0798,gemeente,NL412,"3",NL412,NL,Midden-Noord-Brabant,Midden-Noord-Brabant,"4","1","3",NL412,A,T,NR,TOTAL,NL412,"465254 ","466683 ","469184 ","471737 ","475223 ","478957 "
cbs_gemeente_2020_labelpoint.236,GM0809,Loon op Zand,2020GM0809,gemeente,NL412,"3",NL412,NL,Midden-Noord-Brabant,Midden-Noord-Brabant,"4","1","3",NL412,A,T,NR,TOTAL,NL412,"465254 ","466683 ","469184 ","471737 ","475223 ","478957 "
cbs_gemeente_2020_labelpoint.237,GM0815,Mill en Sint Hubert,2020GM0815,gemeente,NL413,"3",NL413,NL,Noordoost-Noord-Brabant,Noordoost-Noord-Brabant,"4","2","3",NL413,A,T,NR,TOTAL,NL413,"643642 ","645663 ","647631 ","651064 ","654822 ","658616 "
cbs_gemeente_2020_labelpoint.238,GM0820,"Nuenen, Gerwen en Nederwetten",2020GM0820,gemeente,NL414,"3",NL414,NL,Zuidoost-Noord-Brabant,Zuidoost-Noord-Brabant,"4","1","3",NL414,A,T,NR,TOTAL,NL414,"748326 ","752523 ","756615 ","761763 ","766818 ","773203 "
cbs_gemeente_2020_labelpoint.239,GM0823,Oirschot,2020GM0823,gemeente,NL414,"3",NL414,NL,Zuidoost-Noord-Brabant,Zuidoost-Noord-Brabant,"4","1","3",NL414,A,T,NR,TOTAL,NL414,"748326 ","752523 ","756615 ","761763 ","766818 ","773203 "
cbs_gemeente_2020_labelpoint.240,GM0824,Oisterwijk,2020GM0824,gemeente,NL412,"3",NL412,NL,Midden-Noord-Brabant,Midden-Noord-Brabant,"4","1","3",NL412,A,T,NR,TOTAL,NL412,"465254 ","466683 ","469184 ","471737 ","475223 ","478957 "
cbs_gemeente_2020_labelpoint.241,GM0826,Oosterhout,2020GM0826,gemeente,NL411,"3",NL411,NL,West-Noord-Brabant,West-Noord-Brabant,"4","1","2",NL411,A,T,NR,TOTAL,NL411,"622052 ","623882 ","625319 ","627967 ","631423 ","634030 "
cbs_gemeente_2020_labelpoint.242,GM0828,Oss,2020GM0828,gemeente,NL413,"3",NL413,NL,Noordoost-Noord-Brabant,Noordoost-Noord-Brabant,"4","2","3",NL413,A,T,NR,TOTAL,NL413,"643642 ","645663 ","647631 ","651064 ","654822 ","658616 "
cbs_gemeente_2020_labelpoint.243,GM0840,Rucphen,2020GM0840,gemeente,NL411,"3",NL411,NL,West-Noord-Brabant,West-Noord-Brabant,"4","1","2",NL411,A,T,NR,TOTAL,NL411,"622052 ","623882 ","625319 ","627967 ","631423 ","634030 "
cbs_gemeente_2020_labelpoint.244,GM0845,Sint-Michielsgestel,2020GM0845,gemeente,NL413,"3",NL413,NL,Noordoost-Noord-Brabant,Noordoost-Noord-Brabant,"4","2","3",NL413,A,T,NR,TOTAL,NL413,"643642 ","645663 ","647631 ","651064 ","654822 ","658616 "
cbs_gemeente_2020_labelpoint.245,GM1948,Meierijstad,2020GM1948,gemeente,NL413,"3",NL413,NL,Noordoost-Noord-Brabant,Noordoost-Noord-Brabant,"4","2","3",NL413,A,T,NR,TOTAL,NL413,"643642 ","645663 ","647631 ","651064 ","654822 ","658616 "
cbs_gemeente_2020_labelpoint.246,GM0847,Someren,2020GM0847,gemeente,NL414,"3",NL414,NL,Zuidoost-Noord-Brabant,Zuidoost-Noord-Brabant,"4","1","3",NL414,A,T,NR,TOTAL,NL414,"748326 ","752523 ","756615 ","761763 ","766818 ","773203 "
cbs_gemeente_2020_labelpoint.247,GM0848,Son en Breugel,2020GM0848,gemeente,NL414,"3",NL414,NL,Zuidoost-Noord-Brabant,Zuidoost-Noord-Brabant,"4","1","3",NL414,A,T,NR,TOTAL,NL414,"748326 ","752523 ","756615 ","761763 ","766818 ","773203 "
cbs_gemeente_2020_labelpoint.248,GM0851,Steenbergen,2020GM0851,gemeente,NL411,"3",NL411,NL,West-Noord-Brabant,West-Noord-Brabant,"4","1","2",NL411,A,T,NR,TOTAL,NL411,"622052 ","623882 ","625319 ","627967 ","631423 ","634030 "
cbs_gemeente_2020_labelpoint.249,GM0852,Waterland,2020GM0852,gemeente,NL329,"3",NL329,NL,Groot-Amsterdam,Groot-Amsterdam,"4","1","2",NL329,A,T,NR,TOTAL,NL329,"1305307 ","1313889 ","1329572 ","1344659 ","1357675 ","1370657 "
cbs_gemeente_2020_labelpoint.250,GM0855,Tilburg,2020GM0855,gemeente,NL412,"3",NL412,NL,Midden-Noord-Brabant,Midden-Noord-Brabant,"4","1","3",NL412,A,T,NR,TOTAL,NL412,"465254 ","466683 ","469184 ","471737 ","475223 ","478957 "
cbs_gemeente_2020_labelpoint.251,GM0856,Uden,2020GM0856,gemeente,NL413,"3",NL413,NL,Noordoost-Noord-Brabant,Noordoost-Noord-Brabant,"4","2","3",NL413,A,T,NR,TOTAL,NL413,"643642 ","645663 ","647631 ","651064 ","654822 ","658616 "
cbs_gemeente_2020_labelpoint.252,GM0858,Valkenswaard,2020GM0858,gemeente,NL414,"3",NL414,NL,Zuidoost-Noord-Brabant,Zuidoost-Noord-Brabant,"4","1","3",NL414,A,T,NR,TOTAL,NL414,"748326 ","752523 ","756615 ","761763 ","766818 ","773203 "
cbs_gemeente_2020_labelpoint.253,GM0861,Veldhoven,2020GM0861,gemeente,NL414,"3",NL414,NL,Zuidoost-Noord-Brabant,Zuidoost-Noord-Brabant,"4","1","3",NL414,A,T,NR,TOTAL,NL414,"748326 ","752523 ","756615 ","761763 ","766818 ","773203 "
cbs_gemeente_2020_labelpoint.254,GM0865,Vught,2020GM0865,gemeente,NL413,"3",NL413,NL,Noordoost-Noord-Brabant,Noordoost-Noord-Brabant,"4","2","3",NL413,A,T,NR,TOTAL,NL413,"643642 ","645663 ","647631 ","651064 ","654822 ","658616 "
cbs_gemeente_2020_labelpoint.255,GM0866,Waalre,2020GM0866,gemeente,NL414,"3",NL414,NL,Zuidoost-Noord-Brabant,Zuidoost-Noord-Brabant,"4","1","3",NL414,A,T,NR,TOTAL,NL414,"748326 ","752523 ","756615 ","761763 ","766818 ","773203 "
cbs_gemeente_2020_labelpoint.256,GM0867,Waalwijk,2020GM0867,gemeente,NL412,"3",NL412,NL,Midden-Noord-Brabant,Midden-Noord-Brabant,"4","1","3",NL412,A,T,NR,TOTAL,NL412,"465254 ","466683 ","469184 ","471737 ","475223 ","478957 "
cbs_gemeente_2020_labelpoint.257,GM0873,Woensdrecht,2020GM0873,gemeente,NL411,"3",NL411,NL,West-Noord-Brabant,West-Noord-Brabant,"4","1","2",NL411,A,T,NR,TOTAL,NL411,"622052 ","623882 ","625319 ","627967 ","631423 ","634030 "
cbs_gemeente_2020_labelpoint.258,GM0879,Zundert,2020GM0879,gemeente,NL411,"3",NL411,NL,West-Noord-Brabant,West-Noord-Brabant,"4","1","2",NL411,A,T,NR,TOTAL,NL411,"622052 ","623882 ","625319 ","627967 ","631423 ","634030 "
cbs_gemeente_2020_labelpoint.259,GM0880,Wormerland,2020GM0880,gemeente,NL325,"3",NL325,NL,Zaanstreek,Zaanstreek,"4","1","2",NL325,A,T,NR,TOTAL,NL325,"166375 ","167158 ","168130 ","169499 ","170860 ","172214 "
cbs_gemeente_2020_labelpoint.260,GM0882,Landgraaf,2020GM0882,gemeente,NL423,"3",NL423,NL,Zuid-Limburg,Zuid-Limburg,"4","1","3",NL423,A,T,NR,TOTAL,NL423,"604154 ","602038 ","600860 ","600037 ","599025 ","597368 "
cbs_gemeente_2020_labelpoint.261,GM0888,Beek,2020GM0888,gemeente,NL423,"3",NL423,NL,Zuid-Limburg,Zuid-Limburg,"4","1","3",NL423,A,T,NR,TOTAL,NL423,"604154 ","602038 ","600860 ","600037 ","599025 ","597368 "
cbs_gemeente_2020_labelpoint.262,GM0889,Beesel,2020GM0889,gemeente,NL421,"3",NL421,NL,Noord-Limburg,Noord-Limburg,"4","2","3",NL421,A,T,NR,TOTAL,NL421,"280517 ","280552 ","279971 ","281514 ","281486 ","282067 "
cbs_gemeente_2020_labelpoint.263,GM0893,Bergen (L.),2020GM0893,gemeente,NL421,"3",NL421,NL,Noord-Limburg,Noord-Limburg,"4","2","3",NL421,A,T,NR,TOTAL,NL421,"280517 ","280552 ","279971 ","281514 ","281486 ","282067 "
cbs_gemeente_2020_labelpoint.264,GM0899,Brunssum,2020GM0899,gemeente,NL423,"3",NL423,NL,Zuid-Limburg,Zuid-Limburg,"4","1","3",NL423,A,T,NR,TOTAL,NL423,"604154 ","602038 ","600860 ","600037 ","599025 ","597368 "
cbs_gemeente_2020_labelpoint.265,GM0907,Gennep,2020GM0907,gemeente,NL421,"3",NL421,NL,Noord-Limburg,Noord-Limburg,"4","2","3",NL421,A,T,NR,TOTAL,NL421,"280517 ","280552 ","279971 ","281514 ","281486 ","282067 "
cbs_gemeente_2020_labelpoint.266,GM0917,Heerlen,2020GM0917,gemeente,NL423,"3",NL423,NL,Zuid-Limburg,Zuid-Limburg,"4","1","3",NL423,A,T,NR,TOTAL,NL423,"604154 ","602038 ","600860 ","600037 ","599025 ","597368 "
cbs_gemeente_2020_labelpoint.267,GM0928,Kerkrade,2020GM0928,gemeente,NL423,"3",NL423,NL,Zuid-Limburg,Zuid-Limburg,"4","1","3",NL423,A,T,NR,TOTAL,NL423,"604154 ","602038 ","600860 ","600037 ","599025 ","597368 "
cbs_gemeente_2020_labelpoint.268,GM0935,Maastricht,2020GM0935,gemeente,NL423,"3",NL423,NL,Zuid-Limburg,Zuid-Limburg,"4","1","3",NL423,A,T,NR,TOTAL,NL423,"604154 ","602038 ","600860 ","600037 ","599025 ","597368 "
cbs_gemeente_2020_labelpoint.269,GM0938,Meerssen,2020GM0938,gemeente,NL423,"3",NL423,NL,Zuid-Limburg,Zuid-Limburg,"4","1","3",NL423,A,T,NR,TOTAL,NL423,"604154 ","602038 ","600860 ","600037 ","599025 ","597368 "
cbs_gemeente_2020_labelpoint.270,GM0944,Mook en Middelaar,2020GM0944,gemeente,NL421,"3",NL421,NL,Noord-Limburg,Noord-Limburg,"4","2","3",NL421,A,T,NR,TOTAL,NL421,"280517 ","280552 ","279971 ","281514 ","281486 ","282067 "
cbs_gemeente_2020_labelpoint.271,GM0946,Nederweert,2020GM0946,gemeente,NL422,"3",NL422,NL,Midden-Limburg,Midden-Limburg,"4","2","3",NL422,A,T,NR,TOTAL,NL422,"235335 ","235351 ","235429 ","235995 ","236687 ","236702 "
cbs_gemeente_2020_labelpoint.272,GM0957,Roermond,2020GM0957,gemeente,NL422,"3",NL422,NL,Midden-Limburg,Midden-Limburg,"4","2","3",NL422,A,T,NR,TOTAL,NL422,"235335 ","235351 ","235429 ","235995 ","236687 ","236702 "
cbs_gemeente_2020_labelpoint.273,GM1954,Beekdaelen,2020GM1954,gemeente,NL423,"3",NL423,NL,Zuid-Limburg,Zuid-Limburg,"4","1","3",NL423,A,T,NR,TOTAL,NL423,"604154 ","602038 ","600860 ","600037 ","599025 ","597368 "
cbs_gemeente_2020_labelpoint.274,GM0965,Simpelveld,2020GM0965,gemeente,NL423,"3",NL423,NL,Zuid-Limburg,Zuid-Limburg,"4","1","3",NL423,A,T,NR,TOTAL,NL423,"604154 ","602038 ","600860 ","600037 ","599025 ","597368 "
cbs_gemeente_2020_labelpoint.275,GM0971,Stein,2020GM0971,gemeente,NL423,"3",NL423,NL,Zuid-Limburg,Zuid-Limburg,"4","1","3",NL423,A,T,NR,TOTAL,NL423,"604154 ","602038 ","600860 ","600037 ","599025 ","597368 "
cbs_gemeente_2020_labelpoint.276,GM0981,Vaals,2020GM0981,gemeente,NL423,"3",NL423,NL,Zuid-Limburg,Zuid-Limburg,"4","1","3",NL423,A,T,NR,TOTAL,NL423,"604154 ","602038 ","600860 ","600037 ","599025 ","597368 "
cbs_gemeente_2020_labelpoint.277,GM0983,Venlo,2020GM0983,gemeente,NL421,"3",NL421,NL,Noord-Limburg,Noord-Limburg,"4","2","3",NL421,A,T,NR,TOTAL,NL421,"280517 ","280552 ","279971 ","281514 ","281486 ","282067 "
cbs_gemeente_2020_labelpoint.278,GM0984,Venray,2020GM0984,gemeente,NL421,"3",NL421,NL,Noord-Limburg,Noord-Limburg,"4","2","3",NL421,A,T,NR,TOTAL,NL421,"280517 ","280552 ","279971 ","281514 ","281486 ","282067 "
cbs_gemeente_2020_labelpoint.279,GM0986,Voerendaal,2020GM0986,gemeente,NL423,"3",NL423,NL,Zuid-Limburg,Zuid-Limburg,"4","1","3",NL423,A,T,NR,TOTAL,NL423,"604154 ","602038 ","600860 ","600037 ","599025 ","597368 "
cbs_gemeente_2020_labelpoint.280,GM0988,Weert,2020GM0988,gemeente,NL422,"3",NL422,NL,Midden-Limburg,Midden-Limburg,"4","2","3",NL422,A,T,NR,TOTAL,NL422,"235335 ","235351 ","235429 ","235995 ","236687 ","236702 "
cbs_gemeente_2020_labelpoint.281,GM0994,Valkenburg aan de Geul,2020GM0994,gemeente,NL423,"3",NL423,NL,Zuid-Limburg,Zuid-Limburg,"4","1","3",NL423,A,T,NR,TOTAL,NL423,"604154 ","602038 ","600860 ","600037 ","599025 ","597368 "
cbs_gemeente_2020_labelpoint.282,GM0995,Lelystad,2020GM0995,gemeente,NL230,"3",NL230,NL,Flevoland,Flevoland,"4","1","2",NL230,A,T,NR,TOTAL,NL230,"399893 ","401791 ","404068 ","407818 ","411670 ","416546 "
cbs_gemeente_2020_labelpoint.283,GM1507,Horst aan de Maas,2020GM1507,gemeente,NL421,"3",NL421,NL,Noord-Limburg,Noord-Limburg,"4","2","3",NL421,A,T,NR,TOTAL,NL421,"280517 ","280552 ","279971 ","281514 ","281486 ","282067 "
cbs_gemeente_2020_labelpoint.284,GM1509,Oude IJsselstreek,2020GM1509,gemeente,NL225,"3",NL225,NL,Achterhoek,Achterhoek,"4","2","3",NL225,A,T,NR,TOTAL,NL225,"399707 ","398772 ","399260 ","399921 ","400416 ","400685 "
cbs_gemeente_2020_labelpoint.285,GM1525,Teylingen,2020GM1525,gemeente,NL337,"3",NL337,NL,Agglomeratie Leiden en Bollenstreek,Agglomeratie Leiden en Bollenstreek,"4","1","1",NL337,A,T,NR,TOTAL,NL337,"413101 ","415106 ","418023 ","421296 ","424657 ","427217 "
cbs_gemeente_2020_labelpoint.286,GM1581,Utrechtse Heuvelrug,2020GM1581,gemeente,NL310,"3",NL310,NL,Utrecht,Utrecht,"4","1","3",NL310,A,T,NR,TOTAL,NL310,"1253672 ","1263572 ","1273613 ","1284504 ","1295484 ","1306912 "
cbs_gemeente_2020_labelpoint.287,GM1586,Oost Gelre,2020GM1586,gemeente,NL225,"3",NL225,NL,Achterhoek,Achterhoek,"4","2","3",NL225,A,T,NR,TOTAL,NL225,"399707 ","398772 ","399260 ","399921 ","400416 ","400685 "
cbs_gemeente_2020_labelpoint.288,GM1598,Koggenland,2020GM1598,gemeente,NL321,"3",NL321,NL,Kop van Noord-Holland,Kop van Noord-Holland,"4","1","1",NL321,A,T,NR,TOTAL,NL321,"371616 ","372095 ","372606 ","373266 ","374461 ","375659 "
cbs_gemeente_2020_labelpoint.289,GM1621,Lansingerland,2020GM1621,gemeente,NL33C,"3",NL33C,NL,Groot-Rijnmond,Groot-Rijnmond,"4","1","1",NL33C,A,T,NR,TOTAL,NL33C,"1417821 ","1403932 ","1412322 ","1422465 ","1431245 ","1441452 "
cbs_gemeente_2020_labelpoint.290,GM1640,Leudal,2020GM1640,gemeente,NL422,"3",NL422,NL,Midden-Limburg,Midden-Limburg,"4","2","3",NL422,A,T,NR,TOTAL,NL422,"235335 ","235351 ","235429 ","235995 ","236687 ","236702 "
cbs_gemeente_2020_labelpoint.291,GM1641,Maasgouw,2020GM1641,gemeente,NL422,"3",NL422,NL,Midden-Limburg,Midden-Limburg,"4","2","3",NL422,A,T,NR,TOTAL,NL422,"235335 ","235351 ","235429 ","235995 ","236687 ","236702 "
cbs_gemeente_2020_labelpoint.292,GM1652,Gemert-Bakel,2020GM1652,gemeente,NL414,"3",NL414,NL,Zuidoost-Noord-Brabant,Zuidoost-Noord-Brabant,"4","1","3",NL414,A,T,NR,TOTAL,NL414,"748326 ","752523 ","756615 ","761763 ","766818 ","773203 "
cbs_gemeente_2020_labelpoint.293,GM1655,Halderberge,2020GM1655,gemeente,NL411,"3",NL411,NL,West-Noord-Brabant,West-Noord-Brabant,"4","1","2",NL411,A,T,NR,TOTAL,NL411,"622052 ","623882 ","625319 ","627967 ","631423 ","634030 "
cbs_gemeente_2020_labelpoint.294,GM1658,Heeze-Leende,2020GM1658,gemeente,NL414,"3",NL414,NL,Zuidoost-Noord-Brabant,Zuidoost-Noord-Brabant,"4","1","3",NL414,A,T,NR,TOTAL,NL414,"748326 ","752523 ","756615 ","761763 ","766818 ","773203 "
cbs_gemeente_2020_labelpoint.295,GM1659,Laarbeek,2020GM1659,gemeente,NL414,"3",NL414,NL,Zuidoost-Noord-Brabant,Zuidoost-Noord-Brabant,"4","1","3",NL414,A,T,NR,TOTAL,NL414,"748326 ","752523 ","756615 ","761763 ","766818 ","773203 "
cbs_gemeente_2020_labelpoint.296,GM1966,Het Hogeland,2020GM1966,gemeente,NL113,"3",NL113,NL,Overig Groningen,Overig Groningen,"4","2","1",NL113,A,T,NR,TOTAL,NL113,"385826 ","387416 ","388027 ","389338 ","389763 ","391136 "
cbs_gemeente_2020_labelpoint.297,GM1667,Reusel-De Mierden,2020GM1667,gemeente,NL414,"3",NL414,NL,Zuidoost-Noord-Brabant,Zuidoost-Noord-Brabant,"4","1","3",NL414,A,T,NR,TOTAL,NL414,"748326 ","752523 ","756615 ","761763 ","766818 ","773203 "
cbs_gemeente_2020_labelpoint.298,GM1669,Roerdalen,2020GM1669,gemeente,NL422,"3",NL422,NL,Midden-Limburg,Midden-Limburg,"4","2","3",NL422,A,T,NR,TOTAL,NL422,"235335 ","235351 ","235429 ","235995 ","236687 ","236702 "
cbs_gemeente_2020_labelpoint.299,GM0484,Alphen aan den Rijn,2020GM0484,gemeente,NL33B,"3",NL33B,NL,Oost-Zuid-Holland,Oost-Zuid-Holland,"4","1","2",NL33B,A,T,NR,TOTAL,NL33B,"294815 ","318688 ","320758 ","324054 ","327821 ","331621 "
cbs_gemeente_2020_labelpoint.300,GM1674,Roosendaal,2020GM1674,gemeente,NL411,"3",NL411,NL,West-Noord-Brabant,West-Noord-Brabant,"4","1","2",NL411,A,T,NR,TOTAL,NL411,"622052 ","623882 ","625319 ","627967 ","631423 ","634030 "
cbs_gemeente_2020_labelpoint.301,GM1676,Schouwen-Duiveland,2020GM1676,gemeente,NL342,"3",NL342,NL,Overig Zeeland,Overig Zeeland,"4","2","1",NL342,A,T,NR,TOTAL,NL342,"274704 ","275042 ","275584 ","275927 ","276866 ","277533 "
cbs_gemeente_2020_labelpoint.302,GM1680,Aa en Hunze,2020GM1680,gemeente,NL131,"3",NL131,NL,Noord-Drenthe,Noord-Drenthe,"4","2","2",NL131,A,T,NR,TOTAL,NL131,"189493 ","189359 ","189597 ","192497 ","192102 ","191515 "
cbs_gemeente_2020_labelpoint.303,GM1681,Borger-Odoorn,2020GM1681,gemeente,NL132,"3",NL132,NL,Zuidoost-Drenthe,Zuidoost-Drenthe,"4","2","3",NL132,A,T,NR,TOTAL,NL132,"169448 ","168812 ","168336 ","168131 ","167842 ","167968 "
cbs_gemeente_2020_labelpoint.304,GM1684,Cuijk,2020GM1684,gemeente,NL413,"3",NL413,NL,Noordoost-Noord-Brabant,Noordoost-Noord-Brabant,"4","2","3",NL413,A,T,NR,TOTAL,NL413,"643642 ","645663 ","647631 ","651064 ","654822 ","658616 "
cbs_gemeente_2020_labelpoint.305,GM1685,Landerd,2020GM1685,gemeente,NL413,"3",NL413,NL,Noordoost-Noord-Brabant,Noordoost-Noord-Brabant,"4","2","3",NL413,A,T,NR,TOTAL,NL413,"643642 ","645663 ","647631 ","651064 ","654822 ","658616 "
cbs_gemeente_2020_labelpoint.306,GM1690,De Wolden,2020GM1690,gemeente,NL133,"3",NL133,NL,Zuidwest-Drenthe,Zuidwest-Drenthe,"4","2","3",NL133,A,T,NR,TOTAL,NL133,"130047 ","130405 ","130696 ","131164 ","132156 ","132684 "
cbs_gemeente_2020_labelpoint.307,GM1695,Noord-Beveland,2020GM1695,gemeente,NL342,"3",NL342,NL,Overig Zeeland,Overig Zeeland,"4","2","1",NL342,A,T,NR,TOTAL,NL342,"274704 ","275042 ","275584 ","275927 ","276866 ","277533 "
cbs_gemeente_2020_labelpoint.308,GM1696,Wijdemeren,2020GM1696,gemeente,NL327,"3",NL327,NL,Het Gooi en Vechtstreek,Het Gooi en Vechtstreek,"4","1","2",NL327,A,T,NR,TOTAL,NL327,"245109 ","246497 ","248324 ","250692 ","252974 ","254970 "
cbs_gemeente_2020_labelpoint.309,GM1699,Noordenveld,2020GM1699,gemeente,NL131,"3",NL131,NL,Noord-Drenthe,Noord-Drenthe,"4","2","2",NL131,A,T,NR,TOTAL,NL131,"189493 ","189359 ","189597 ","192497 ","192102 ","191515 "
cbs_gemeente_2020_labelpoint.310,GM1700,Twenterand,2020GM1700,gemeente,NL213,"3",NL213,NL,Twente,Twente,"4","1","3",NL213,A,T,NR,TOTAL,NL213,"626342 ","625976 ","626525 ","627209 ","627848 ","629284 "
cbs_gemeente_2020_labelpoint.311,GM1701,Westerveld,2020GM1701,gemeente,NL133,"3",NL133,NL,Zuidwest-Drenthe,Zuidwest-Drenthe,"4","2","3",NL133,A,T,NR,TOTAL,NL133,"130047 ","130405 ","130696 ","131164 ","132156 ","132684 "
cbs_gemeente_2020_labelpoint.312,GM1702,Sint Anthonis,2020GM1702,gemeente,NL413,"3",NL413,NL,Noordoost-Noord-Brabant,Noordoost-Noord-Brabant,"4","2","3",NL413,A,T,NR,TOTAL,NL413,"643642 ","645663 ","647631 ","651064 ","654822 ","658616 "
cbs_gemeente_2020_labelpoint.313,GM1705,Lingewaard,2020GM1705,gemeente,NL226,"3",NL226,NL,Arnhem/Nijmegen,Arnhem/Nijmegen,"4","1","3",NL226,A,T,NR,TOTAL,NL226,"718842 ","722312 ","725759 ","730428 ","735203 ","738436 "
cbs_gemeente_2020_labelpoint.314,GM1706,Cranendonck,2020GM1706,gemeente,NL414,"3",NL414,NL,Zuidoost-Noord-Brabant,Zuidoost-Noord-Brabant,"4","1","3",NL414,A,T,NR,TOTAL,NL414,"748326 ","752523 ","756615 ","761763 ","766818 ","773203 "
cbs_gemeente_2020_labelpoint.315,GM1708,Steenwijkerland,2020GM1708,gemeente,NL211,"3",NL211,NL,Noord-Overijssel,Noord-Overijssel,"4","2","3",NL211,A,T,NR,TOTAL,NL211,"360744 ","361694 ","364300 ","366319 ","368819 ","371608 "
cbs_gemeente_2020_labelpoint.316,GM1709,Moerdijk,2020GM1709,gemeente,NL411,"3",NL411,NL,West-Noord-Brabant,West-Noord-Brabant,"4","1","2",NL411,A,T,NR,TOTAL,NL411,"622052 ","623882 ","625319 ","627967 ","631423 ","634030 "
cbs_gemeente_2020_labelpoint.317,GM1711,Echt-Susteren,2020GM1711,gemeente,NL422,"3",NL422,NL,Midden-Limburg,Midden-Limburg,"4","2","3",NL422,A,T,NR,TOTAL,NL422,"235335 ","235351 ","235429 ","235995 ","236687 ","236702 "
cbs_gemeente_2020_labelpoint.318,GM1714,Sluis,2020GM1714,gemeente,NL341,"3",NL341,NL,Zeeuwsch-Vlaanderen,Zeeuwsch-Vlaanderen,"4","3","1",NL341,A,T,NR,TOTAL,NL341,"105917 ","105684 ","105668 ","105641 ","105438 ","105499 "
cbs_gemeente_2020_labelpoint.319,GM1719,Drimmelen,2020GM1719,gemeente,NL411,"3",NL411,NL,West-Noord-Brabant,West-Noord-Brabant,"4","1","2",NL411,A,T,NR,TOTAL,NL411,"622052 ","623882 ","625319 ","627967 ","631423 ","634030 "
cbs_gemeente_2020_labelpoint.320,GM1721,Bernheze,2020GM1721,gemeente,NL413,"3",NL413,NL,Noordoost-Noord-Brabant,Noordoost-Noord-Brabant,"4","2","3",NL413,A,T,NR,TOTAL,NL413,"643642 ","645663 ","647631 ","651064 ","654822 ","658616 "
cbs_gemeente_2020_labelpoint.321,GM1723,Alphen-Chaam,2020GM1723,gemeente,NL412,"3",NL412,NL,Midden-Noord-Brabant,Midden-Noord-Brabant,"4","1","3",NL412,A,T,NR,TOTAL,NL412,"465254 ","466683 ","469184 ","471737 ","475223 ","478957 "
cbs_gemeente_2020_labelpoint.322,GM1724,Bergeijk,2020GM1724,gemeente,NL414,"3",NL414,NL,Zuidoost-Noord-Brabant,Zuidoost-Noord-Brabant,"4","1","3",NL414,A,T,NR,TOTAL,NL414,"748326 ","752523 ","756615 ","761763 ","766818 ","773203 "
cbs_gemeente_2020_labelpoint.323,GM1728,Bladel,2020GM1728,gemeente,NL414,"3",NL414,NL,Zuidoost-Noord-Brabant,Zuidoost-Noord-Brabant,"4","1","3",NL414,A,T,NR,TOTAL,NL414,"748326 ","752523 ","756615 ","761763 ","766818 ","773203 "
cbs_gemeente_2020_labelpoint.324,GM1729,Gulpen-Wittem,2020GM1729,gemeente,NL423,"3",NL423,NL,Zuid-Limburg,Zuid-Limburg,"4","1","3",NL423,A,T,NR,TOTAL,NL423,"604154 ","602038 ","600860 ","600037 ","599025 ","597368 "
cbs_gemeente_2020_labelpoint.325,GM1730,Tynaarlo,2020GM1730,gemeente,NL131,"3",NL131,NL,Noord-Drenthe,Noord-Drenthe,"4","2","2",NL131,A,T,NR,TOTAL,NL131,"189493 ","189359 ","189597 ","192497 ","192102 ","191515 "
cbs_gemeente_2020_labelpoint.326,GM1731,Midden-Drenthe,2020GM1731,gemeente,NL131,"3",NL131,NL,Noord-Drenthe,Noord-Drenthe,"4","2","2",NL131,A,T,NR,TOTAL,NL131,"189493 ","189359 ","189597 ","192497 ","192102 ","191515 "
cbs_gemeente_2020_labelpoint.327,GM1734,Overbetuwe,2020GM1734,gemeente,NL226,"3",NL226,NL,Arnhem/Nijmegen,Arnhem/Nijmegen,"4","1","3",NL226,A,T,NR,TOTAL,NL226,"718842 ","722312 ","725759 ","730428 ","735203 ","738436 "
cbs_gemeente_2020_labelpoint.328,GM1735,Hof van Twente,2020GM1735,gemeente,NL213,"3",NL213,NL,Twente,Twente,"4","1","3",NL213,A,T,NR,TOTAL,NL213,"626342 ","625976 ","626525 ","627209 ","627848 ","629284 "
cbs_gemeente_2020_labelpoint.329,GM1740,Neder-Betuwe,2020GM1740,gemeente,NL224,"3",NL224,NL,Zuidwest-Gelderland,Zuidwest-Gelderland,"4","2","3",NL224,A,T,NR,TOTAL,NL224,"237076 ","237548 ","238305 ","239890 ","241244 ","244052 "
cbs_gemeente_2020_labelpoint.330,GM1742,Rijssen-Holten,2020GM1742,gemeente,NL213,"3",NL213,NL,Twente,Twente,"4","1","3",NL213,A,T,NR,TOTAL,NL213,"626342 ","625976 ","626525 ","627209 ","627848 ","629284 "
cbs_gemeente_2020_labelpoint.331,GM1771,Geldrop-Mierlo,2020GM1771,gemeente,NL414,"3",NL414,NL,Zuidoost-Noord-Brabant,Zuidoost-Noord-Brabant,"4","1","3",NL414,A,T,NR,TOTAL,NL414,"748326 ","752523 ","756615 ","761763 ","766818 ","773203 "
cbs_gemeente_2020_labelpoint.332,GM1773,Olst-Wijhe,2020GM1773,gemeente,NL212,"3",NL212,NL,Zuidwest-Overijssel,Zuidwest-Overijssel,"4","2","3",NL212,A,T,NR,TOTAL,NL212,"152611 ","152982 ","153455 ","154159 ","154834 ","155539 "
cbs_gemeente_2020_labelpoint.333,GM1774,Dinkelland,2020GM1774,gemeente,NL213,"3",NL213,NL,Twente,Twente,"4","1","3",NL213,A,T,NR,TOTAL,NL213,"626342 ","625976 ","626525 ","627209 ","627848 ","629284 "
cbs_gemeente_2020_labelpoint.334,GM1783,Westland,2020GM1783,gemeente,NL333,"3",NL333,NL,Delft en Westland,Delft en Westland,"4","1","1",NL333,A,T,NR,TOTAL,NL333,"221743 ","224041 ","224867 ","226047 ","229083 ","231157 "
cbs_gemeente_2020_labelpoint.335,GM1842,Midden-Delfland,2020GM1842,gemeente,NL333,"3",NL333,NL,Delft en Westland,Delft en Westland,"4","1","1",NL333,A,T,NR,TOTAL,NL333,"221743 ","224041 ","224867 ","226047 ","229083 ","231157 "
cbs_gemeente_2020_labelpoint.336,GM1859,Berkelland,2020GM1859,gemeente,NL225,"3",NL225,NL,Achterhoek,Achterhoek,"4","2","3",NL225,A,T,NR,TOTAL,NL225,"399707 ","398772 ","399260 ","399921 ","400416 ","400685 "
cbs_gemeente_2020_labelpoint.337,GM1876,Bronckhorst,2020GM1876,gemeente,NL225,"3",NL225,NL,Achterhoek,Achterhoek,"4","2","3",NL225,A,T,NR,TOTAL,NL225,"399707 ","398772 ","399260 ","399921 ","400416 ","400685 "
cbs_gemeente_2020_labelpoint.338,GM1883,Sittard-Geleen,2020GM1883,gemeente,NL423,"3",NL423,NL,Zuid-Limburg,Zuid-Limburg,"4","1","3",NL423,A,T,NR,TOTAL,NL423,"604154 ","602038 ","600860 ","600037 ","599025 ","597368 "
cbs_gemeente_2020_labelpoint.339,GM1884,Kaag en Braassem,2020GM1884,gemeente,NL337,"3",NL337,NL,Agglomeratie Leiden en Bollenstreek,Agglomeratie Leiden en Bollenstreek,"4","1","1",NL337,A,T,NR,TOTAL,NL337,"413101 ","415106 ","418023 ","421296 ","424657 ","427217 "
cbs_gemeente_2020_labelpoint.340,GM1891,Dantumadiel,2020GM1891,gemeente,NL124,"3",NL124,NL,Noord-Friesland,Noord-Friesland,"4","2","1",NL124,A,T,NR,TOTAL,NL124,"324368 ","324103 ","324077 ","324367 ","324251 ","324653 "
cbs_gemeente_2020_labelpoint.341,GM1892,Zuidplas,2020GM1892,gemeente,NL33C,"3",NL33C,NL,Groot-Rijnmond,Groot-Rijnmond,"4","1","1",NL33C,A,T,NR,TOTAL,NL33C,"1417821 ","1403932 ","1412322 ","1422465 ","1431245 ","1441452 "
cbs_gemeente_2020_labelpoint.342,GM1894,Peel en Maas,2020GM1894,gemeente,NL421,"3",NL421,NL,Noord-Limburg,Noord-Limburg,"4","2","3",NL421,A,T,NR,TOTAL,NL421,"280517 ","280552 ","279971 ","281514 ","281486 ","282067 "
cbs_gemeente_2020_labelpoint.343,GM1895,Oldambt,2020GM1895,gemeente,NL111,"3",NL111,NL,Oost-Groningen,Oost-Groningen,"4","2","1",NL111,A,T,NR,TOTAL,NL111,"148944 ","148966 ","148583 ","147393 ","146785 ","146803 "
cbs_gemeente_2020_labelpoint.344,GM1896,Zwartewaterland,2020GM1896,gemeente,NL211,"3",NL211,NL,Noord-Overijssel,Noord-Overijssel,"4","2","3",NL211,A,T,NR,TOTAL,NL211,"360744 ","361694 ","364300 ","366319 ","368819 ","371608 "
cbs_gemeente_2020_labelpoint.345,GM1900,S√∫dwest-Frysl√¢n,2020GM1900,gemeente,NL125,"3",NL125,NL,Zuidwest-Friesland,Zuidwest-Friesland,"4","2","1",NL125,A,T,NR,TOTAL,NL125,"135594 ","135377 ","135313 ","135743 ","136004 ","135764 "
cbs_gemeente_2020_labelpoint.346,GM1901,Bodegraven-Reeuwijk,2020GM1901,gemeente,NL33B,"3",NL33B,NL,Oost-Zuid-Holland,Oost-Zuid-Holland,"4","1","2",NL33B,A,T,NR,TOTAL,NL33B,"294815 ","318688 ","320758 ","324054 ","327821 ","331621 "
cbs_gemeente_2020_labelpoint.347,GM1903,Eijsden-Margraten,2020GM1903,gemeente,NL423,"3",NL423,NL,Zuid-Limburg,Zuid-Limburg,"4","1","3",NL423,A,T,NR,TOTAL,NL423,"604154 ","602038 ","600860 ","600037 ","599025 ","597368 "
cbs_gemeente_2020_labelpoint.348,GM1904,Stichtse Vecht,2020GM1904,gemeente,NL310,"3",NL310,NL,Utrecht,Utrecht,"4","1","3",NL310,A,T,NR,TOTAL,NL310,"1253672 ","1263572 ","1273613 ","1284504 ","1295484 ","1306912 "
cbs_gemeente_2020_labelpoint.349,GM1949,Waadhoeke,2020GM1949,gemeente,NL124,"3",NL124,NL,Noord-Friesland,Noord-Friesland,"4","2","1",NL124,A,T,NR,TOTAL,NL124,"324368 ","324103 ","324077 ","324367 ","324251 ","324653 "
cbs_gemeente_2020_labelpoint.350,GM1911,Hollands Kroon,2020GM1911,gemeente,NL321,"3",NL321,NL,Kop van Noord-Holland,Kop van Noord-Holland,"4","1","1",NL321,A,T,NR,TOTAL,NL321,"371616 ","372095 ","372606 ","373266 ","374461 ","375659 "
cbs_gemeente_2020_labelpoint.351,GM1916,Leidschendam-Voorburg,2020GM1916,gemeente,NL332,"3",NL332,NL,Agglomeratie's-Gravenhage,Agglomeratie's-Gravenhage,"4","1","1",NL332,A,T,NR,TOTAL,NL332,"830237 ","838015 ","845425 ","853987 ","864129 ","872211 "
cbs_gemeente_2020_labelpoint.352,GM1924,Goeree-Overflakkee,2020GM1924,gemeente,NL33C,"3",NL33C,NL,Groot-Rijnmond,Groot-Rijnmond,"4","1","1",NL33C,A,T,NR,TOTAL,NL33C,"1417821 ","1403932 ","1412322 ","1422465 ","1431245 ","1441452 "
cbs_gemeente_2020_labelpoint.353,GM1926,Pijnacker-Nootdorp,2020GM1926,gemeente,NL332,"3",NL332,NL,Agglomeratie's-Gravenhage,Agglomeratie's-Gravenhage,"4","1","1",NL332,A,T,NR,TOTAL,NL332,"830237 ","838015 ","845425 ","853987 ","864129 ","872211 "
cbs_gemeente_2020_labelpoint.354,GM1978,Molenlanden,2020GM1978,gemeente,NL33A,"3",NL33A,NL,Zuidoost-Zuid-Holland,Zuidoost-Zuid-Holland,"4","1","2",NL33A,A,T,NR,TOTAL,NL33A,"399315 ","400229 ","400908 ","402373 ","404109 ","405481 "
cbs_gemeente_2020_labelpoint.355,GM1955,Montferland,2020GM1955,gemeente,NL225,"3",NL225,NL,Achterhoek,Achterhoek,"4","2","3",NL225,A,T,NR,TOTAL,NL225,"399707 ","398772 ","399260 ","399921 ","400416 ","400685 "
cbs_gemeente_2020_labelpoint.356,GM0363,Amsterdam,2020GM0363,gemeente,NL329,"3",NL329,NL,Groot-Amsterdam,Groot-Amsterdam,"4","1","2",NL329,A,T,NR,TOTAL,NL329,"1305307 ","1313889 ","1329572 ","1344659 ","1357675 ","1370657 "
